<annotation>
	<folder>JPEGImages</folder>
	<filename>0000.jpg</filename>
	<path>D:\学习\论文\火灾\VOCdevkit\JPEGImages\0000.jpg</path>
	<source>
		<database>Unknown</database>
	</source>
	<size>
		<width>490</width>
		<height>367</height>
		<depth>3</depth>
	</size>
	<segmented>0</segmented>
	<object>
		<name>fire</name>
		<pose>Unspecified</pose>
		<truncated>0</truncated>
		<difficult>0</difficult>
		<bndbox>
			<xmin>237</xmin>
			<ymin>82</ymin>
			<xmax>295</xmax>
			<ymax>154</ymax>
		</bndbox>
	</object>
	<object>
		<name>fire</name>
		<pose>Unspecified</pose>
		<truncated>0</truncated>
		<difficult>0</difficult>
		<bndbox>
			<xmin>209</xmin>
			<ymin>208</ymin>
			<xmax>288</xmax>
			<ymax>251</ymax>
		</bndbox>
	</object>
	<object>
		<name>fire</name>
		<pose>Unspecified</pose>
		<truncated>0</truncated>
		<difficult>0</difficult>
		<bndbox>
			<xmin>224</xmin>
			<ymin>160</ymin>
			<xmax>238</xmax>
			<ymax>174</ymax>
		</bndbox>
	</object>
</annotation>
