<annotation>
	<folder>JPEGImages</folder>
	<filename>000110.jpg</filename>
	<path>D:\学习\论文\火灾\VOCdevkit\JPEGImages\000110.jpg</path>
	<source>
		<database>Unknown</database>
	</source>
	<size>
		<width>500</width>
		<height>667</height>
		<depth>3</depth>
	</size>
	<segmented>0</segmented>
	<object>
		<name>fire</name>
		<pose>Unspecified</pose>
		<truncated>0</truncated>
		<difficult>0</difficult>
		<bndbox>
			<xmin>237</xmin>
			<ymin>187</ymin>
			<xmax>351</xmax>
			<ymax>332</ymax>
		</bndbox>
	</object>
	<object>
		<name>fire</name>
		<pose>Unspecified</pose>
		<truncated>0</truncated>
		<difficult>0</difficult>
		<bndbox>
			<xmin>164</xmin>
			<ymin>397</ymin>
			<xmax>175</xmax>
			<ymax>413</ymax>
		</bndbox>
	</object>
</annotation>
