<annotation>
	<folder>JPEGImages</folder>
	<filename>000137.jpg</filename>
	<path>D:\学习\论文\火灾\VOCdevkit\JPEGImages\000137.jpg</path>
	<source>
		<database>Unknown</database>
	</source>
	<size>
		<width>500</width>
		<height>648</height>
		<depth>3</depth>
	</size>
	<segmented>0</segmented>
	<object>
		<name>fire</name>
		<pose>Unspecified</pose>
		<truncated>0</truncated>
		<difficult>0</difficult>
		<bndbox>
			<xmin>198</xmin>
			<ymin>164</ymin>
			<xmax>318</xmax>
			<ymax>403</ymax>
		</bndbox>
	</object>
	<object>
		<name>fire</name>
		<pose>Unspecified</pose>
		<truncated>1</truncated>
		<difficult>0</difficult>
		<bndbox>
			<xmin>1</xmin>
			<ymin>156</ymin>
			<xmax>47</xmax>
			<ymax>235</ymax>
		</bndbox>
	</object>
</annotation>
