<annotation>
	<folder>JPEGImages</folder>
	<filename>0001.jpg</filename>
	<path>D:\学习\论文\火灾\VOCdevkit\JPEGImages\0001.jpg</path>
	<source>
		<database>Unknown</database>
	</source>
	<size>
		<width>438</width>
		<height>289</height>
		<depth>3</depth>
	</size>
	<segmented>0</segmented>
	<object>
		<name>fire</name>
		<pose>Unspecified</pose>
		<truncated>0</truncated>
		<difficult>0</difficult>
		<bndbox>
			<xmin>158</xmin>
			<ymin>13</ymin>
			<xmax>421</xmax>
			<ymax>286</ymax>
		</bndbox>
	</object>
</annotation>
