<annotation>
	<folder>JPEGImages</folder>
	<filename>0002.jpg</filename>
	<path>F:\01.dataset\Fire-Smoke-Dataset\JPEGImages\0002.jpg</path>
	<source>
		<database>Unknown</database>
	</source>
	<size>
		<width>500</width>
		<height>315</height>
		<depth>3</depth>
	</size>
	<segmented>0</segmented>
	<object>
		<name>fire</name>
		<pose>Unspecified</pose>
		<truncated>1</truncated>
		<difficult>0</difficult>
		<bndbox>
			<xmin>1</xmin>
			<ymin>3</ymin>
			<xmax>497</xmax>
			<ymax>313</ymax>
		</bndbox>
	</object>
</annotation>
