<annotation>
	<folder>新建文件夹</folder>
	<filename>000659.jpg</filename>
	<path>C:\Users\xiaotian\Desktop\YOLO\新建文件夹\新建文件夹\000659.jpg</path>
	<source>
		<database>Unknown</database>
	</source>
	<size>
		<width>362</width>
		<height>450</height>
		<depth>3</depth>
	</size>
	<segmented>0</segmented>
	<object>
		<name>fire</name>
		<pose>Unspecified</pose>
		<truncated>1</truncated>
		<difficult>0</difficult>
		<bndbox>
			<xmin>131</xmin>
			<ymin>15</ymin>
			<xmax>357</xmax>
			<ymax>450</ymax>
		</bndbox>
	</object>
</annotation>
