<annotation>
	<folder>新建文件夹</folder>
	<filename>000742.jpg</filename>
	<path>C:\Users\xiaotian\Desktop\YOLO\新建文件夹\新建文件夹\000742.jpg</path>
	<source>
		<database>Unknown</database>
	</source>
	<size>
		<width>4256</width>
		<height>2832</height>
		<depth>3</depth>
	</size>
	<segmented>0</segmented>
	<object>
		<name>fire</name>
		<pose>Unspecified</pose>
		<truncated>0</truncated>
		<difficult>0</difficult>
		<bndbox>
			<xmin>1461</xmin>
			<ymin>502</ymin>
			<xmax>2886</xmax>
			<ymax>2605</ymax>
		</bndbox>
	</object>
</annotation>
