<annotation>
	<folder>新建文件夹</folder>
	<filename>000786.jpg</filename>
	<path>C:\Users\xiaotian\Desktop\YOLO\新建文件夹\新建文件夹\000786.jpg</path>
	<source>
		<database>Unknown</database>
	</source>
	<size>
		<width>2793</width>
		<height>1862</height>
		<depth>3</depth>
	</size>
	<segmented>0</segmented>
	<object>
		<name>fire</name>
		<pose>Unspecified</pose>
		<truncated>0</truncated>
		<difficult>0</difficult>
		<bndbox>
			<xmin>955</xmin>
			<ymin>445</ymin>
			<xmax>1983</xmax>
			<ymax>1576</ymax>
		</bndbox>
	</object>
</annotation>
