<annotation>
	<folder>新建文件夹</folder>
	<filename>000740.jpg</filename>
	<path>C:\Users\xiaotian\Desktop\YOLO\新建文件夹\新建文件夹\000740.jpg</path>
	<source>
		<database>Unknown</database>
	</source>
	<size>
		<width>2404</width>
		<height>3003</height>
		<depth>3</depth>
	</size>
	<segmented>0</segmented>
	<object>
		<name>fire</name>
		<pose>Unspecified</pose>
		<truncated>0</truncated>
		<difficult>0</difficult>
		<bndbox>
			<xmin>751</xmin>
			<ymin>682</ymin>
			<xmax>1674</xmax>
			<ymax>2085</ymax>
		</bndbox>
	</object>
</annotation>
