<annotation>
	<folder>新建文件夹</folder>
	<filename>000779.jpg</filename>
	<path>C:\Users\xiaotian\Desktop\YOLO\新建文件夹\新建文件夹\000779.jpg</path>
	<source>
		<database>Unknown</database>
	</source>
	<size>
		<width>3959</width>
		<height>5954</height>
		<depth>3</depth>
	</size>
	<segmented>0</segmented>
	<object>
		<name>fire</name>
		<pose>Unspecified</pose>
		<truncated>0</truncated>
		<difficult>0</difficult>
		<bndbox>
			<xmin>1635</xmin>
			<ymin>3357</ymin>
			<xmax>2502</xmax>
			<ymax>5157</ymax>
		</bndbox>
	</object>
</annotation>
