<annotation>
	<folder>vehicle_fire</folder>
	<filename>018c2fdb-c9e1-4653-b98f-07e226b62ae5.jpg</filename>
	<path>F:\DataSets\hlw_fire_data\vehicle_fire\018c2fdb-c9e1-4653-b98f-07e226b62ae5.jpg</path>
	<source>
		<database>Unknown</database>
	</source>
	<size>
		<width>500</width>
		<height>331</height>
		<depth>3</depth>
	</size>
	<segmented>0</segmented>
	<object>
		<name>fire</name>
		<pose>Unspecified</pose>
		<truncated>0</truncated>
		<difficult>0</difficult>
		<bndbox>
			<xmin>56</xmin>
			<ymin>9</ymin>
			<xmax>406</xmax>
			<ymax>244</ymax>
		</bndbox>
	</object>
	<object>
		<name>fire</name>
		<pose>Unspecified</pose>
		<truncated>1</truncated>
		<difficult>0</difficult>
		<bndbox>
			<xmin>446</xmin>
			<ymin>202</ymin>
			<xmax>500</xmax>
			<ymax>271</ymax>
		</bndbox>
	</object>
</annotation>
