<annotation>
	<folder>新建文件夹</folder>
	<filename>000836.jpg</filename>
	<path>C:\Users\xiaotian\Desktop\YOLO\新建文件夹\新建文件夹\000836.jpg</path>
	<source>
		<database>Unknown</database>
	</source>
	<size>
		<width>3249</width>
		<height>4926</height>
		<depth>3</depth>
	</size>
	<segmented>0</segmented>
	<object>
		<name>fire</name>
		<pose>Unspecified</pose>
		<truncated>0</truncated>
		<difficult>0</difficult>
		<bndbox>
			<xmin>253</xmin>
			<ymin>673</ymin>
			<xmax>2480</xmax>
			<ymax>3663</ymax>
		</bndbox>
	</object>
</annotation>
