<annotation>
	<folder>新建文件夹</folder>
	<filename>000946.jpg</filename>
	<path>C:\Users\xiaotian\Desktop\YOLO\新建文件夹\新建文件夹\000946.jpg</path>
	<source>
		<database>Unknown</database>
	</source>
	<size>
		<width>496</width>
		<height>280</height>
		<depth>3</depth>
	</size>
	<segmented>0</segmented>
	<object>
		<name>fire</name>
		<pose>Unspecified</pose>
		<truncated>0</truncated>
		<difficult>0</difficult>
		<bndbox>
			<xmin>26</xmin>
			<ymin>151</ymin>
			<xmax>221</xmax>
			<ymax>219</ymax>
		</bndbox>
	</object>
</annotation>
