<annotation>
	<folder>JPEGImages</folder>
	<filename>0009.jpg</filename>
	<path>D:\学习\论文\火灾\VOCdevkit\JPEGImages\0009.jpg</path>
	<source>
		<database>Unknown</database>
	</source>
	<size>
		<width>690</width>
		<height>423</height>
		<depth>3</depth>
	</size>
	<segmented>0</segmented>
	<object>
		<name>fire</name>
		<pose>Unspecified</pose>
		<truncated>0</truncated>
		<difficult>0</difficult>
		<bndbox>
			<xmin>260</xmin>
			<ymin>119</ymin>
			<xmax>573</xmax>
			<ymax>399</ymax>
		</bndbox>
	</object>
	<object>
		<name>fire</name>
		<pose>Unspecified</pose>
		<truncated>0</truncated>
		<difficult>0</difficult>
		<bndbox>
			<xmin>83</xmin>
			<ymin>347</ymin>
			<xmax>109</xmax>
			<ymax>391</ymax>
		</bndbox>
	</object>
</annotation>
