<annotation>
	<folder>新建文件夹</folder>
	<filename>000941.jpg</filename>
	<path>C:\Users\xiaotian\Desktop\YOLO\新建文件夹\新建文件夹\000941.jpg</path>
	<source>
		<database>Unknown</database>
	</source>
	<size>
		<width>437</width>
		<height>289</height>
		<depth>3</depth>
	</size>
	<segmented>0</segmented>
	<object>
		<name>fire</name>
		<pose>Unspecified</pose>
		<truncated>0</truncated>
		<difficult>0</difficult>
		<bndbox>
			<xmin>167</xmin>
			<ymin>107</ymin>
			<xmax>251</xmax>
			<ymax>164</ymax>
		</bndbox>
	</object>
</annotation>
