<annotation>
	<folder>JPEGImages</folder>
	<filename>0010.jpg</filename>
	<path>D:\学习\论文\火灾\VOCdevkit\JPEGImages\0010.jpg</path>
	<source>
		<database>Unknown</database>
	</source>
	<size>
		<width>540</width>
		<height>360</height>
		<depth>3</depth>
	</size>
	<segmented>0</segmented>
	<object>
		<name>fire</name>
		<pose>Unspecified</pose>
		<truncated>0</truncated>
		<difficult>0</difficult>
		<bndbox>
			<xmin>337</xmin>
			<ymin>99</ymin>
			<xmax>414</xmax>
			<ymax>205</ymax>
		</bndbox>
	</object>
	<object>
		<name>fire</name>
		<pose>Unspecified</pose>
		<truncated>0</truncated>
		<difficult>0</difficult>
		<bndbox>
			<xmin>281</xmin>
			<ymin>193</ymin>
			<xmax>301</xmax>
			<ymax>225</ymax>
		</bndbox>
	</object>
</annotation>
