<annotation>
	<folder>JPEGImages</folder>
	<filename>00112.jpg</filename>
	<path>D:\学习\论文\火灾\VOCdevkit\JPEGImages\00112.jpg</path>
	<source>
		<database>Unknown</database>
	</source>
	<size>
		<width>930</width>
		<height>647</height>
		<depth>3</depth>
	</size>
	<segmented>0</segmented>
	<object>
		<name>fire</name>
		<pose>Unspecified</pose>
		<truncated>0</truncated>
		<difficult>0</difficult>
		<bndbox>
			<xmin>415</xmin>
			<ymin>291</ymin>
			<xmax>503</xmax>
			<ymax>336</ymax>
		</bndbox>
	</object>
</annotation>
