<annotation>
	<folder>coco</folder>
	<filename>00114.jpg</filename>
	<path>D:\学习\论文\火灾\coco\00114.jpg</path>
	<source>
		<database>Unknown</database>
	</source>
	<size>
		<width>810</width>
		<height>539</height>
		<depth>3</depth>
	</size>
	<segmented>0</segmented>
	<object>
		<name>fire</name>
		<pose>Unspecified</pose>
		<truncated>0</truncated>
		<difficult>0</difficult>
		<bndbox>
			<xmin>369</xmin>
			<ymin>244</ymin>
			<xmax>442</xmax>
			<ymax>297</ymax>
		</bndbox>
	</object>
</annotation>
