<annotation>
	<folder>coco</folder>
	<filename>00113.jpg</filename>
	<path>D:\学习\论文\火灾\coco\00113.jpg</path>
	<source>
		<database>Unknown</database>
	</source>
	<size>
		<width>908</width>
		<height>650</height>
		<depth>3</depth>
	</size>
	<segmented>0</segmented>
	<object>
		<name>fire</name>
		<pose>Unspecified</pose>
		<truncated>0</truncated>
		<difficult>0</difficult>
		<bndbox>
			<xmin>322</xmin>
			<ymin>279</ymin>
			<xmax>573</xmax>
			<ymax>368</ymax>
		</bndbox>
	</object>
	<object>
		<name>fire</name>
		<pose>Unspecified</pose>
		<truncated>0</truncated>
		<difficult>0</difficult>
		<bndbox>
			<xmin>719</xmin>
			<ymin>337</ymin>
			<xmax>734</xmax>
			<ymax>357</ymax>
		</bndbox>
	</object>
</annotation>
