<annotation>
	<folder>coco</folder>
	<filename>00116.jpg</filename>
	<path>D:\学习\论文\火灾\coco\00116.jpg</path>
	<source>
		<database>Unknown</database>
	</source>
	<size>
		<width>500</width>
		<height>333</height>
		<depth>3</depth>
	</size>
	<segmented>0</segmented>
	<object>
		<name>fire</name>
		<pose>Unspecified</pose>
		<truncated>0</truncated>
		<difficult>0</difficult>
		<bndbox>
			<xmin>41</xmin>
			<ymin>64</ymin>
			<xmax>224</xmax>
			<ymax>181</ymax>
		</bndbox>
	</object>
	<object>
		<name>fire</name>
		<pose>Unspecified</pose>
		<truncated>0</truncated>
		<difficult>0</difficult>
		<bndbox>
			<xmin>232</xmin>
			<ymin>59</ymin>
			<xmax>252</xmax>
			<ymax>83</ymax>
		</bndbox>
	</object>
</annotation>
