<annotation>
	<folder>coco</folder>
	<filename>00118.jpg</filename>
	<path>D:\学习\论文\火灾\coco\00118.jpg</path>
	<source>
		<database>Unknown</database>
	</source>
	<size>
		<width>1280</width>
		<height>720</height>
		<depth>3</depth>
	</size>
	<segmented>0</segmented>
	<object>
		<name>fire</name>
		<pose>Unspecified</pose>
		<truncated>0</truncated>
		<difficult>0</difficult>
		<bndbox>
			<xmin>437</xmin>
			<ymin>386</ymin>
			<xmax>534</xmax>
			<ymax>501</ymax>
		</bndbox>
	</object>
</annotation>
