<annotation>
	<folder>JPEGImages</folder>
	<filename>0011.jpg</filename>
	<path>D:\学习\论文\火灾\VOCdevkit\JPEGImages\0011.jpg</path>
	<source>
		<database>Unknown</database>
	</source>
	<size>
		<width>310</width>
		<height>519</height>
		<depth>3</depth>
	</size>
	<segmented>0</segmented>
	<object>
		<name>fire</name>
		<pose>Unspecified</pose>
		<truncated>1</truncated>
		<difficult>0</difficult>
		<bndbox>
			<xmin>1</xmin>
			<ymin>69</ymin>
			<xmax>265</xmax>
			<ymax>261</ymax>
		</bndbox>
	</object>
</annotation>
