<annotation>
	<folder>coco</folder>
	<filename>00122.jpg</filename>
	<path>D:\学习\论文\火灾\coco\00122.jpg</path>
	<source>
		<database>Unknown</database>
	</source>
	<size>
		<width>1280</width>
		<height>720</height>
		<depth>3</depth>
	</size>
	<segmented>0</segmented>
	<object>
		<name>fire</name>
		<pose>Unspecified</pose>
		<truncated>0</truncated>
		<difficult>0</difficult>
		<bndbox>
			<xmin>607</xmin>
			<ymin>269</ymin>
			<xmax>684</xmax>
			<ymax>356</ymax>
		</bndbox>
	</object>
	<object>
		<name>fire</name>
		<pose>Unspecified</pose>
		<truncated>0</truncated>
		<difficult>0</difficult>
		<bndbox>
			<xmin>654</xmin>
			<ymin>377</ymin>
			<xmax>691</xmax>
			<ymax>431</ymax>
		</bndbox>
	</object>
</annotation>
