<annotation>
	<folder>coco</folder>
	<filename>00124.jpg</filename>
	<path>D:\学习\论文\火灾\coco\00124.jpg</path>
	<source>
		<database>Unknown</database>
	</source>
	<size>
		<width>500</width>
		<height>667</height>
		<depth>3</depth>
	</size>
	<segmented>0</segmented>
	<object>
		<name>fire</name>
		<pose>Unspecified</pose>
		<truncated>0</truncated>
		<difficult>0</difficult>
		<bndbox>
			<xmin>120</xmin>
			<ymin>306</ymin>
			<xmax>172</xmax>
			<ymax>355</ymax>
		</bndbox>
	</object>
	<object>
		<name>fire</name>
		<pose>Unspecified</pose>
		<truncated>0</truncated>
		<difficult>0</difficult>
		<bndbox>
			<xmin>273</xmin>
			<ymin>216</ymin>
			<xmax>393</xmax>
			<ymax>277</ymax>
		</bndbox>
	</object>
</annotation>
