<annotation>
	<folder>coco</folder>
	<filename>00120.jpg</filename>
	<path>D:\学习\论文\火灾\coco\00120.jpg</path>
	<source>
		<database>Unknown</database>
	</source>
	<size>
		<width>1280</width>
		<height>720</height>
		<depth>3</depth>
	</size>
	<segmented>0</segmented>
	<object>
		<name>fire</name>
		<pose>Unspecified</pose>
		<truncated>0</truncated>
		<difficult>0</difficult>
		<bndbox>
			<xmin>614</xmin>
			<ymin>265</ymin>
			<xmax>695</xmax>
			<ymax>353</ymax>
		</bndbox>
	</object>
	<object>
		<name>fire</name>
		<pose>Unspecified</pose>
		<truncated>0</truncated>
		<difficult>0</difficult>
		<bndbox>
			<xmin>651</xmin>
			<ymin>384</ymin>
			<xmax>692</xmax>
			<ymax>427</ymax>
		</bndbox>
	</object>
</annotation>
