<annotation>
	<folder>coco</folder>
	<filename>00121.jpg</filename>
	<path>D:\学习\论文\火灾\coco\00121.jpg</path>
	<source>
		<database>Unknown</database>
	</source>
	<size>
		<width>1280</width>
		<height>720</height>
		<depth>3</depth>
	</size>
	<segmented>0</segmented>
	<object>
		<name>fire</name>
		<pose>Unspecified</pose>
		<truncated>0</truncated>
		<difficult>0</difficult>
		<bndbox>
			<xmin>607</xmin>
			<ymin>268</ymin>
			<xmax>683</xmax>
			<ymax>353</ymax>
		</bndbox>
	</object>
	<object>
		<name>fire</name>
		<pose>Unspecified</pose>
		<truncated>0</truncated>
		<difficult>0</difficult>
		<bndbox>
			<xmin>652</xmin>
			<ymin>390</ymin>
			<xmax>687</xmax>
			<ymax>428</ymax>
		</bndbox>
	</object>
</annotation>
