<annotation>
	<folder>新建文件夹</folder>
	<filename>001487.jpg</filename>
	<path>C:\Users\xiaotian\Desktop\YOLO\新建文件夹\新建文件夹\001487.jpg</path>
	<source>
		<database>Unknown</database>
	</source>
	<size>
		<width>362</width>
		<height>242</height>
		<depth>3</depth>
	</size>
	<segmented>0</segmented>
	<object>
		<name>fire</name>
		<pose>Unspecified</pose>
		<truncated>0</truncated>
		<difficult>0</difficult>
		<bndbox>
			<xmin>148</xmin>
			<ymin>77</ymin>
			<xmax>225</xmax>
			<ymax>202</ymax>
		</bndbox>
	</object>
</annotation>
