<annotation>
	<folder>新建文件夹</folder>
	<filename>001554.jpg</filename>
	<path>C:\Users\xiaotian\Desktop\YOLO\新建文件夹\新建文件夹\001554.jpg</path>
	<source>
		<database>Unknown</database>
	</source>
	<size>
		<width>500</width>
		<height>378</height>
		<depth>3</depth>
	</size>
	<segmented>0</segmented>
	<object>
		<name>fire</name>
		<pose>Unspecified</pose>
		<truncated>0</truncated>
		<difficult>0</difficult>
		<bndbox>
			<xmin>104</xmin>
			<ymin>94</ymin>
			<xmax>335</xmax>
			<ymax>272</ymax>
		</bndbox>
	</object>
</annotation>
