<annotation>
	<folder>JPEGImages</folder>
	<filename>0015.jpg</filename>
	<path>D:\dissertation\yolov5\data\VOC2020\JPEGImages\0015.jpg</path>
	<source>
		<database>Unknown</database>
	</source>
	<size>
		<width>584</width>
		<height>387</height>
		<depth>3</depth>
	</size>
	<segmented>0</segmented>
	<object>
		<name>fire</name>
		<pose>Unspecified</pose>
		<truncated>0</truncated>
		<difficult>0</difficult>
		<bndbox>
			<xmin>256</xmin>
			<ymin>150</ymin>
			<xmax>498</xmax>
			<ymax>265</ymax>
		</bndbox>
	</object>
</annotation>
