<annotation>
	<folder>forest_fire</folder>
	<filename>025f1b04-5c33-4ffb-bbca-080b6b9159ae.jpg</filename>
	<path>F:\DataSets\hlw_fire_data\forest_fire\025f1b04-5c33-4ffb-bbca-080b6b9159ae.jpg</path>
	<source>
		<database>Unknown</database>
	</source>
	<size>
		<width>500</width>
		<height>333</height>
		<depth>3</depth>
	</size>
	<segmented>0</segmented>
	<object>
		<name>fire</name>
		<pose>Unspecified</pose>
		<truncated>0</truncated>
		<difficult>0</difficult>
		<bndbox>
			<xmin>5</xmin>
			<ymin>139</ymin>
			<xmax>141</xmax>
			<ymax>219</ymax>
		</bndbox>
	</object>
	<object>
		<name>fire</name>
		<pose>Unspecified</pose>
		<truncated>0</truncated>
		<difficult>0</difficult>
		<bndbox>
			<xmin>193</xmin>
			<ymin>59</ymin>
			<xmax>493</xmax>
			<ymax>200</ymax>
		</bndbox>
	</object>
</annotation>
