<annotation>
	<folder>JPEGImages</folder>
	<filename>0018.jpg</filename>
	<path>D:\学习\论文\火灾\VOCdevkit\JPEGImages\0018.jpg</path>
	<source>
		<database>Unknown</database>
	</source>
	<size>
		<width>640</width>
		<height>480</height>
		<depth>3</depth>
	</size>
	<segmented>0</segmented>
	<object>
		<name>fire</name>
		<pose>Unspecified</pose>
		<truncated>0</truncated>
		<difficult>0</difficult>
		<bndbox>
			<xmin>2</xmin>
			<ymin>120</ymin>
			<xmax>576</xmax>
			<ymax>326</ymax>
		</bndbox>
	</object>
</annotation>
