<annotation>
	<folder>JPEGImages</folder>
	<filename>0020.jpg</filename>
	<path>F:\01.dataset\Fire-Smoke-Dataset\JPEGImages\0020.jpg</path>
	<source>
		<database>Unknown</database>
	</source>
	<size>
		<width>768</width>
		<height>1024</height>
		<depth>3</depth>
	</size>
	<segmented>0</segmented>
	<object>
		<name>fire</name>
		<pose>Unspecified</pose>
		<truncated>0</truncated>
		<difficult>0</difficult>
		<bndbox>
			<xmin>324</xmin>
			<ymin>315</ymin>
			<xmax>432</xmax>
			<ymax>406</ymax>
		</bndbox>
	</object>
</annotation>
