<annotation>
	<folder>JPEGImages</folder>
	<filename>0022.jpg</filename>
	<path>D:\学习\论文\火灾\VOCdevkit\JPEGImages\0022.jpg</path>
	<source>
		<database>Unknown</database>
	</source>
	<size>
		<width>440</width>
		<height>293</height>
		<depth>3</depth>
	</size>
	<segmented>0</segmented>
	<object>
		<name>fire</name>
		<pose>Unspecified</pose>
		<truncated>0</truncated>
		<difficult>0</difficult>
		<bndbox>
			<xmin>220</xmin>
			<ymin>12</ymin>
			<xmax>438</xmax>
			<ymax>279</ymax>
		</bndbox>
	</object>
</annotation>
