<annotation>
	<folder>JPEGImages</folder>
	<filename>0023.jpg</filename>
	<path>D:\学习\论文\火灾\VOCdevkit\JPEGImages\0023.jpg</path>
	<source>
		<database>Unknown</database>
	</source>
	<size>
		<width>550</width>
		<height>366</height>
		<depth>3</depth>
	</size>
	<segmented>0</segmented>
	<object>
		<name>fire</name>
		<pose>Unspecified</pose>
		<truncated>1</truncated>
		<difficult>0</difficult>
		<bndbox>
			<xmin>52</xmin>
			<ymin>1</ymin>
			<xmax>380</xmax>
			<ymax>334</ymax>
		</bndbox>
	</object>
</annotation>
