<annotation>
	<folder>forest_fire</folder>
	<filename>03f5cf93-ffbe-4ff0-b77b-c1e183ef15e3.jpg</filename>
	<path>F:\DataSets\hlw_fire_data\forest_fire\03f5cf93-ffbe-4ff0-b77b-c1e183ef15e3.jpg</path>
	<source>
		<database>Unknown</database>
	</source>
	<size>
		<width>308</width>
		<height>232</height>
		<depth>3</depth>
	</size>
	<segmented>0</segmented>
	<object>
		<name>fire</name>
		<pose>Unspecified</pose>
		<truncated>1</truncated>
		<difficult>0</difficult>
		<bndbox>
			<xmin>1</xmin>
			<ymin>1</ymin>
			<xmax>308</xmax>
			<ymax>169</ymax>
		</bndbox>
	</object>
	<object>
		<name>fire</name>
		<pose>Unspecified</pose>
		<truncated>0</truncated>
		<difficult>0</difficult>
		<bndbox>
			<xmin>28</xmin>
			<ymin>190</ymin>
			<xmax>47</xmax>
			<ymax>220</ymax>
		</bndbox>
	</object>
</annotation>
