<annotation>
	<folder>JPEGImages</folder>
	<filename>0027.jpg</filename>
	<path>F:\01.dataset\Fire-Smoke-Dataset\JPEGImages\0027.jpg</path>
	<source>
		<database>Unknown</database>
	</source>
	<size>
		<width>840</width>
		<height>527</height>
		<depth>3</depth>
	</size>
	<segmented>0</segmented>
	<object>
		<name>fire</name>
		<pose>Unspecified</pose>
		<truncated>0</truncated>
		<difficult>0</difficult>
		<bndbox>
			<xmin>435</xmin>
			<ymin>394</ymin>
			<xmax>489</xmax>
			<ymax>431</ymax>
		</bndbox>
	</object>
</annotation>
