<annotation>
	<folder>JPEGImages</folder>
	<filename>0028.jpg</filename>
	<path>F:\01.dataset\Fire-Smoke-Dataset\JPEGImages\0028.jpg</path>
	<source>
		<database>Unknown</database>
	</source>
	<size>
		<width>700</width>
		<height>522</height>
		<depth>3</depth>
	</size>
	<segmented>0</segmented>
	<object>
		<name>fire</name>
		<pose>Unspecified</pose>
		<truncated>0</truncated>
		<difficult>0</difficult>
		<bndbox>
			<xmin>213</xmin>
			<ymin>76</ymin>
			<xmax>694</xmax>
			<ymax>478</ymax>
		</bndbox>
	</object>
</annotation>
