<annotation>
	<folder>JPEGImages</folder>
	<filename>0030.jpg</filename>
	<path>D:\学习\论文\火灾\VOCdevkit\JPEGImages\0030.jpg</path>
	<source>
		<database>Unknown</database>
	</source>
	<size>
		<width>600</width>
		<height>594</height>
		<depth>3</depth>
	</size>
	<segmented>0</segmented>
	<object>
		<name>fire</name>
		<pose>Unspecified</pose>
		<truncated>0</truncated>
		<difficult>0</difficult>
		<bndbox>
			<xmin>207</xmin>
			<ymin>262</ymin>
			<xmax>352</xmax>
			<ymax>379</ymax>
		</bndbox>
	</object>
</annotation>
