<annotation>
	<folder>JPEGImages</folder>
	<filename>0031.jpg</filename>
	<path>D:\学习\论文\火灾\VOCdevkit\JPEGImages\0031.jpg</path>
	<source>
		<database>Unknown</database>
	</source>
	<size>
		<width>710</width>
		<height>310</height>
		<depth>3</depth>
	</size>
	<segmented>0</segmented>
	<object>
		<name>fire</name>
		<pose>Unspecified</pose>
		<truncated>0</truncated>
		<difficult>0</difficult>
		<bndbox>
			<xmin>49</xmin>
			<ymin>76</ymin>
			<xmax>242</xmax>
			<ymax>208</ymax>
		</bndbox>
	</object>
	<object>
		<name>fire</name>
		<pose>Unspecified</pose>
		<truncated>0</truncated>
		<difficult>0</difficult>
		<bndbox>
			<xmin>246</xmin>
			<ymin>121</ymin>
			<xmax>665</xmax>
			<ymax>268</ymax>
		</bndbox>
	</object>
</annotation>
