<annotation>
	<folder>forest_fire</folder>
	<filename>057517f3-cbb1-42e7-9389-b10685752949.jpg</filename>
	<path>F:\DataSets\hlw_fire_data\forest_fire\057517f3-cbb1-42e7-9389-b10685752949.jpg</path>
	<source>
		<database>Unknown</database>
	</source>
	<size>
		<width>600</width>
		<height>337</height>
		<depth>3</depth>
	</size>
	<segmented>0</segmented>
	<object>
		<name>fire</name>
		<pose>Unspecified</pose>
		<truncated>0</truncated>
		<difficult>0</difficult>
		<bndbox>
			<xmin>5</xmin>
			<ymin>134</ymin>
			<xmax>109</xmax>
			<ymax>189</ymax>
		</bndbox>
	</object>
	<object>
		<name>fire</name>
		<pose>Unspecified</pose>
		<truncated>0</truncated>
		<difficult>0</difficult>
		<bndbox>
			<xmin>131</xmin>
			<ymin>148</ymin>
			<xmax>594</xmax>
			<ymax>264</ymax>
		</bndbox>
	</object>
</annotation>
