<annotation>
	<folder>JPEGImages</folder>
	<filename>0034.jpg</filename>
	<path>F:\01.dataset\Fire-Smoke-Dataset\JPEGImages\0034.jpg</path>
	<source>
		<database>Unknown</database>
	</source>
	<size>
		<width>490</width>
		<height>256</height>
		<depth>3</depth>
	</size>
	<segmented>0</segmented>
	<object>
		<name>fire</name>
		<pose>Unspecified</pose>
		<truncated>0</truncated>
		<difficult>0</difficult>
		<bndbox>
			<xmin>202</xmin>
			<ymin>84</ymin>
			<xmax>386</xmax>
			<ymax>237</ymax>
		</bndbox>
	</object>
	<object>
		<name>fire</name>
		<pose>Unspecified</pose>
		<truncated>0</truncated>
		<difficult>0</difficult>
		<bndbox>
			<xmin>425</xmin>
			<ymin>207</ymin>
			<xmax>488</xmax>
			<ymax>250</ymax>
		</bndbox>
	</object>
</annotation>
