<annotation>
	<folder>JPEGImages</folder>
	<filename>0035.jpg</filename>
	<path>F:\01.dataset\Fire-Smoke-Dataset\JPEGImages\0035.jpg</path>
	<source>
		<database>Unknown</database>
	</source>
	<size>
		<width>550</width>
		<height>472</height>
		<depth>3</depth>
	</size>
	<segmented>0</segmented>
	<object>
		<name>fire</name>
		<pose>Unspecified</pose>
		<truncated>0</truncated>
		<difficult>0</difficult>
		<bndbox>
			<xmin>125</xmin>
			<ymin>246</ymin>
			<xmax>306</xmax>
			<ymax>338</ymax>
		</bndbox>
	</object>
</annotation>
