<annotation>
	<folder>JPEGImages</folder>
	<filename>0038.jpg</filename>
	<path>D:\学习\论文\火灾\VOCdevkit\JPEGImages\0038.jpg</path>
	<source>
		<database>Unknown</database>
	</source>
	<size>
		<width>500</width>
		<height>333</height>
		<depth>3</depth>
	</size>
	<segmented>0</segmented>
	<object>
		<name>fire</name>
		<pose>Unspecified</pose>
		<truncated>0</truncated>
		<difficult>0</difficult>
		<bndbox>
			<xmin>180</xmin>
			<ymin>158</ymin>
			<xmax>448</xmax>
			<ymax>331</ymax>
		</bndbox>
	</object>
	<object>
		<name>fire</name>
		<pose>Unspecified</pose>
		<truncated>0</truncated>
		<difficult>0</difficult>
		<bndbox>
			<xmin>350</xmin>
			<ymin>62</ymin>
			<xmax>378</xmax>
			<ymax>86</ymax>
		</bndbox>
	</object>
</annotation>
