<annotation>
	<folder>JPEGImages</folder>
	<filename>0039.jpg</filename>
	<path>D:\学习\论文\火灾\VOCdevkit\JPEGImages\0039.jpg</path>
	<source>
		<database>Unknown</database>
	</source>
	<size>
		<width>500</width>
		<height>310</height>
		<depth>3</depth>
	</size>
	<segmented>0</segmented>
	<object>
		<name>fire</name>
		<pose>Unspecified</pose>
		<truncated>0</truncated>
		<difficult>0</difficult>
		<bndbox>
			<xmin>117</xmin>
			<ymin>231</ymin>
			<xmax>164</xmax>
			<ymax>307</ymax>
		</bndbox>
	</object>
	<object>
		<name>fire</name>
		<pose>Unspecified</pose>
		<truncated>0</truncated>
		<difficult>0</difficult>
		<bndbox>
			<xmin>215</xmin>
			<ymin>10</ymin>
			<xmax>482</xmax>
			<ymax>216</ymax>
		</bndbox>
	</object>
	<object>
		<name>fire</name>
		<pose>Unspecified</pose>
		<truncated>0</truncated>
		<difficult>0</difficult>
		<bndbox>
			<xmin>76</xmin>
			<ymin>298</ymin>
			<xmax>94</xmax>
			<ymax>308</ymax>
		</bndbox>
	</object>
</annotation>
