<annotation>
	<folder>JPEGImages</folder>
	<filename>0040.jpg</filename>
	<path>F:\01.dataset\Fire-Smoke-Dataset\JPEGImages\0040.jpg</path>
	<source>
		<database>Unknown</database>
	</source>
	<size>
		<width>950</width>
		<height>633</height>
		<depth>3</depth>
	</size>
	<segmented>0</segmented>
	<object>
		<name>fire</name>
		<pose>Unspecified</pose>
		<truncated>0</truncated>
		<difficult>0</difficult>
		<bndbox>
			<xmin>30</xmin>
			<ymin>510</ymin>
			<xmax>923</xmax>
			<ymax>605</ymax>
		</bndbox>
	</object>
</annotation>
