<annotation>
	<folder>JPEGImages</folder>
	<filename>0041.jpg</filename>
	<path>F:\01.dataset\Fire-Smoke-Dataset\JPEGImages\0041.jpg</path>
	<source>
		<database>Unknown</database>
	</source>
	<size>
		<width>633</width>
		<height>447</height>
		<depth>3</depth>
	</size>
	<segmented>0</segmented>
	<object>
		<name>fire</name>
		<pose>Unspecified</pose>
		<truncated>0</truncated>
		<difficult>0</difficult>
		<bndbox>
			<xmin>283</xmin>
			<ymin>238</ymin>
			<xmax>342</xmax>
			<ymax>292</ymax>
		</bndbox>
	</object>
</annotation>
