<annotation>
	<folder>forest_fire</folder>
	<filename>08e6e4cf-33c6-4b69-96f8-3acb2f24fde8.jpg</filename>
	<path>F:\DataSets\hlw_fire_data\forest_fire\08e6e4cf-33c6-4b69-96f8-3acb2f24fde8.jpg</path>
	<source>
		<database>Unknown</database>
	</source>
	<size>
		<width>500</width>
		<height>334</height>
		<depth>3</depth>
	</size>
	<segmented>0</segmented>
	<object>
		<name>fire</name>
		<pose>Unspecified</pose>
		<truncated>0</truncated>
		<difficult>0</difficult>
		<bndbox>
			<xmin>94</xmin>
			<ymin>14</ymin>
			<xmax>264</xmax>
			<ymax>290</ymax>
		</bndbox>
	</object>
	<object>
		<name>fire</name>
		<pose>Unspecified</pose>
		<truncated>0</truncated>
		<difficult>0</difficult>
		<bndbox>
			<xmin>5</xmin>
			<ymin>233</ymin>
			<xmax>80</xmax>
			<ymax>292</ymax>
		</bndbox>
	</object>
	<object>
		<name>fire</name>
		<pose>Unspecified</pose>
		<truncated>0</truncated>
		<difficult>0</difficult>
		<bndbox>
			<xmin>353</xmin>
			<ymin>33</ymin>
			<xmax>484</xmax>
			<ymax>106</ymax>
		</bndbox>
	</object>
</annotation>
