<annotation>
	<folder>JPEGImages</folder>
	<filename>0043.jpg</filename>
	<path>F:\01.dataset\Fire-Smoke-Dataset\JPEGImages\0043.jpg</path>
	<source>
		<database>Unknown</database>
	</source>
	<size>
		<width>400</width>
		<height>300</height>
		<depth>3</depth>
	</size>
	<segmented>0</segmented>
	<object>
		<name>fire</name>
		<pose>Unspecified</pose>
		<truncated>0</truncated>
		<difficult>0</difficult>
		<bndbox>
			<xmin>270</xmin>
			<ymin>78</ymin>
			<xmax>317</xmax>
			<ymax>153</ymax>
		</bndbox>
	</object>
	<object>
		<name>fire</name>
		<pose>Unspecified</pose>
		<truncated>0</truncated>
		<difficult>0</difficult>
		<bndbox>
			<xmin>201</xmin>
			<ymin>239</ymin>
			<xmax>214</xmax>
			<ymax>252</ymax>
		</bndbox>
	</object>
</annotation>
