<annotation>
	<folder>JPEGImages</folder>
	<filename>0045.jpg</filename>
	<path>F:\01.dataset\Fire-Smoke-Dataset\JPEGImages\0045.jpg</path>
	<source>
		<database>Unknown</database>
	</source>
	<size>
		<width>500</width>
		<height>334</height>
		<depth>3</depth>
	</size>
	<segmented>0</segmented>
	<object>
		<name>fire</name>
		<pose>Unspecified</pose>
		<truncated>0</truncated>
		<difficult>0</difficult>
		<bndbox>
			<xmin>126</xmin>
			<ymin>177</ymin>
			<xmax>201</xmax>
			<ymax>230</ymax>
		</bndbox>
	</object>
	<object>
		<name>fire</name>
		<pose>Unspecified</pose>
		<truncated>0</truncated>
		<difficult>0</difficult>
		<bndbox>
			<xmin>83</xmin>
			<ymin>236</ymin>
			<xmax>101</xmax>
			<ymax>259</ymax>
		</bndbox>
	</object>
	<object>
		<name>fire</name>
		<pose>Unspecified</pose>
		<truncated>0</truncated>
		<difficult>0</difficult>
		<bndbox>
			<xmin>111</xmin>
			<ymin>258</ymin>
			<xmax>145</xmax>
			<ymax>295</ymax>
		</bndbox>
	</object>
</annotation>
