<annotation>
	<folder>forest_fire</folder>
	<filename>09ed3895-de48-41eb-8df4-aa9e1fac6e51.jpg</filename>
	<path>F:\DataSets\hlw_fire_data\forest_fire\09ed3895-de48-41eb-8df4-aa9e1fac6e51.jpg</path>
	<source>
		<database>Unknown</database>
	</source>
	<size>
		<width>400</width>
		<height>267</height>
		<depth>3</depth>
	</size>
	<segmented>0</segmented>
	<object>
		<name>fire</name>
		<pose>Unspecified</pose>
		<truncated>0</truncated>
		<difficult>0</difficult>
		<bndbox>
			<xmin>262</xmin>
			<ymin>98</ymin>
			<xmax>347</xmax>
			<ymax>162</ymax>
		</bndbox>
	</object>
	<object>
		<name>fire</name>
		<pose>Unspecified</pose>
		<truncated>0</truncated>
		<difficult>0</difficult>
		<bndbox>
			<xmin>186</xmin>
			<ymin>164</ymin>
			<xmax>257</xmax>
			<ymax>243</ymax>
		</bndbox>
	</object>
</annotation>
