<annotation>
	<folder>building_fire</folder>
	<filename>0a96c6d2-ed93-4dec-8562-1c69af136ca7.jpg</filename>
	<path>F:\DataSets\hlw_fire_data\building_fire\0a96c6d2-ed93-4dec-8562-1c69af136ca7.jpg</path>
	<source>
		<database>Unknown</database>
	</source>
	<size>
		<width>640</width>
		<height>449</height>
		<depth>3</depth>
	</size>
	<segmented>0</segmented>
	<object>
		<name>fire</name>
		<pose>Unspecified</pose>
		<truncated>0</truncated>
		<difficult>0</difficult>
		<bndbox>
			<xmin>546</xmin>
			<ymin>44</ymin>
			<xmax>600</xmax>
			<ymax>106</ymax>
		</bndbox>
	</object>
	<object>
		<name>fire</name>
		<pose>Unspecified</pose>
		<truncated>0</truncated>
		<difficult>0</difficult>
		<bndbox>
			<xmin>242</xmin>
			<ymin>157</ymin>
			<xmax>481</xmax>
			<ymax>335</ymax>
		</bndbox>
	</object>
</annotation>
