<annotation>
	<folder>JPEGImages</folder>
	<filename>0049.jpg</filename>
	<path>D:\学习\论文\火灾\VOCdevkit\JPEGImages\0049.jpg</path>
	<source>
		<database>Unknown</database>
	</source>
	<size>
		<width>500</width>
		<height>301</height>
		<depth>3</depth>
	</size>
	<segmented>0</segmented>
	<object>
		<name>fire</name>
		<pose>Unspecified</pose>
		<truncated>0</truncated>
		<difficult>0</difficult>
		<bndbox>
			<xmin>114</xmin>
			<ymin>126</ymin>
			<xmax>422</xmax>
			<ymax>269</ymax>
		</bndbox>
	</object>
	<object>
		<name>fire</name>
		<pose>Unspecified</pose>
		<truncated>0</truncated>
		<difficult>0</difficult>
		<bndbox>
			<xmin>45</xmin>
			<ymin>213</ymin>
			<xmax>89</xmax>
			<ymax>258</ymax>
		</bndbox>
	</object>
</annotation>
