<annotation>
	<folder>JPEGImages</folder>
	<filename>0050.jpg</filename>
	<path>D:\学习\论文\火灾\VOCdevkit\JPEGImages\0050.jpg</path>
	<source>
		<database>Unknown</database>
	</source>
	<size>
		<width>500</width>
		<height>334</height>
		<depth>3</depth>
	</size>
	<segmented>0</segmented>
	<object>
		<name>fire</name>
		<pose>Unspecified</pose>
		<truncated>0</truncated>
		<difficult>0</difficult>
		<bndbox>
			<xmin>137</xmin>
			<ymin>55</ymin>
			<xmax>432</xmax>
			<ymax>333</ymax>
		</bndbox>
	</object>
</annotation>
