<annotation>
	<folder>JPEGImages</folder>
	<filename>0054.jpg</filename>
	<path>F:\01.dataset\Fire-Smoke-Dataset\JPEGImages\0054.jpg</path>
	<source>
		<database>Unknown</database>
	</source>
	<size>
		<width>500</width>
		<height>395</height>
		<depth>3</depth>
	</size>
	<segmented>0</segmented>
	<object>
		<name>fire</name>
		<pose>Unspecified</pose>
		<truncated>0</truncated>
		<difficult>0</difficult>
		<bndbox>
			<xmin>27</xmin>
			<ymin>11</ymin>
			<xmax>467</xmax>
			<ymax>299</ymax>
		</bndbox>
	</object>
</annotation>
