<annotation>
	<folder>forest_fire</folder>
	<filename>0c88dc20-e845-4bac-bae0-a8d86ce1d47a.jpg</filename>
	<path>F:\DataSets\hlw_fire_data\forest_fire\0c88dc20-e845-4bac-bae0-a8d86ce1d47a.jpg</path>
	<source>
		<database>Unknown</database>
	</source>
	<size>
		<width>400</width>
		<height>234</height>
		<depth>3</depth>
	</size>
	<segmented>0</segmented>
	<object>
		<name>fire</name>
		<pose>Unspecified</pose>
		<truncated>0</truncated>
		<difficult>0</difficult>
		<bndbox>
			<xmin>197</xmin>
			<ymin>112</ymin>
			<xmax>395</xmax>
			<ymax>228</ymax>
		</bndbox>
	</object>
</annotation>
