<annotation>
	<folder>JPEGImages</folder>
	<filename>0056.jpg</filename>
	<path>F:\01.dataset\Fire-Smoke-Dataset\JPEGImages\0056.jpg</path>
	<source>
		<database>Unknown</database>
	</source>
	<size>
		<width>793</width>
		<height>534</height>
		<depth>3</depth>
	</size>
	<segmented>0</segmented>
	<object>
		<name>fire</name>
		<pose>Unspecified</pose>
		<truncated>0</truncated>
		<difficult>0</difficult>
		<bndbox>
			<xmin>464</xmin>
			<ymin>190</ymin>
			<xmax>626</xmax>
			<ymax>346</ymax>
		</bndbox>
	</object>
	<object>
		<name>fire</name>
		<pose>Unspecified</pose>
		<truncated>0</truncated>
		<difficult>0</difficult>
		<bndbox>
			<xmin>600</xmin>
			<ymin>367</ymin>
			<xmax>789</xmax>
			<ymax>523</ymax>
		</bndbox>
	</object>
</annotation>
