<annotation>
	<folder>JPEGImages</folder>
	<filename>0057.jpg</filename>
	<path>F:\01.dataset\Fire-Smoke-Dataset\JPEGImages\0057.jpg</path>
	<source>
		<database>Unknown</database>
	</source>
	<size>
		<width>1920</width>
		<height>1080</height>
		<depth>3</depth>
	</size>
	<segmented>0</segmented>
	<object>
		<name>fire</name>
		<pose>Unspecified</pose>
		<truncated>0</truncated>
		<difficult>0</difficult>
		<bndbox>
			<xmin>389</xmin>
			<ymin>653</ymin>
			<xmax>1045</xmax>
			<ymax>905</ymax>
		</bndbox>
	</object>
	<object>
		<name>fire</name>
		<pose>Unspecified</pose>
		<truncated>0</truncated>
		<difficult>0</difficult>
		<bndbox>
			<xmin>1084</xmin>
			<ymin>700</ymin>
			<xmax>1179</xmax>
			<ymax>790</ymax>
		</bndbox>
	</object>
	<object>
		<name>fire</name>
		<pose>Unspecified</pose>
		<truncated>0</truncated>
		<difficult>0</difficult>
		<bndbox>
			<xmin>1472</xmin>
			<ymin>398</ymin>
			<xmax>1720</xmax>
			<ymax>571</ymax>
		</bndbox>
	</object>
</annotation>
