<annotation>
	<folder>JPEGImages</folder>
	<filename>0060.jpg</filename>
	<path>F:\01.dataset\Fire-Smoke-Dataset\JPEGImages\0060.jpg</path>
	<source>
		<database>Unknown</database>
	</source>
	<size>
		<width>530</width>
		<height>349</height>
		<depth>3</depth>
	</size>
	<segmented>0</segmented>
	<object>
		<name>fire</name>
		<pose>Unspecified</pose>
		<truncated>0</truncated>
		<difficult>0</difficult>
		<bndbox>
			<xmin>35</xmin>
			<ymin>122</ymin>
			<xmax>299</xmax>
			<ymax>324</ymax>
		</bndbox>
	</object>
	<object>
		<name>fire</name>
		<pose>Unspecified</pose>
		<truncated>0</truncated>
		<difficult>0</difficult>
		<bndbox>
			<xmin>410</xmin>
			<ymin>89</ymin>
			<xmax>474</xmax>
			<ymax>151</ymax>
		</bndbox>
	</object>
	<object>
		<name>fire</name>
		<pose>Unspecified</pose>
		<truncated>0</truncated>
		<difficult>0</difficult>
		<bndbox>
			<xmin>405</xmin>
			<ymin>181</ymin>
			<xmax>438</xmax>
			<ymax>216</ymax>
		</bndbox>
	</object>
</annotation>
