<annotation>
	<folder>JPEGImages</folder>
	<filename>0061.jpg</filename>
	<path>D:\学习\论文\火灾\VOCdevkit\JPEGImages\0061.jpg</path>
	<source>
		<database>Unknown</database>
	</source>
	<size>
		<width>450</width>
		<height>288</height>
		<depth>3</depth>
	</size>
	<segmented>0</segmented>
	<object>
		<name>fire</name>
		<pose>Unspecified</pose>
		<truncated>0</truncated>
		<difficult>0</difficult>
		<bndbox>
			<xmin>325</xmin>
			<ymin>213</ymin>
			<xmax>401</xmax>
			<ymax>285</ymax>
		</bndbox>
	</object>
	<object>
		<name>fire</name>
		<pose>Unspecified</pose>
		<truncated>0</truncated>
		<difficult>0</difficult>
		<bndbox>
			<xmin>16</xmin>
			<ymin>58</ymin>
			<xmax>200</xmax>
			<ymax>253</ymax>
		</bndbox>
	</object>
	<object>
		<name>fire</name>
		<pose>Unspecified</pose>
		<truncated>0</truncated>
		<difficult>0</difficult>
		<bndbox>
			<xmin>211</xmin>
			<ymin>212</ymin>
			<xmax>312</xmax>
			<ymax>273</ymax>
		</bndbox>
	</object>
</annotation>
