<annotation>
	<folder>JPEGImages</folder>
	<filename>0062.jpg</filename>
	<path>F:\01.dataset\Fire-Smoke-Dataset\JPEGImages\0062.jpg</path>
	<source>
		<database>Unknown</database>
	</source>
	<size>
		<width>500</width>
		<height>492</height>
		<depth>3</depth>
	</size>
	<segmented>0</segmented>
	<object>
		<name>fire</name>
		<pose>Unspecified</pose>
		<truncated>0</truncated>
		<difficult>0</difficult>
		<bndbox>
			<xmin>175</xmin>
			<ymin>159</ymin>
			<xmax>366</xmax>
			<ymax>360</ymax>
		</bndbox>
	</object>
</annotation>
