<annotation>
	<folder>JPEGImages</folder>
	<filename>0063.jpg</filename>
	<path>F:\01.dataset\Fire-Smoke-Dataset\JPEGImages\0063.jpg</path>
	<source>
		<database>Unknown</database>
	</source>
	<size>
		<width>292</width>
		<height>220</height>
		<depth>3</depth>
	</size>
	<segmented>0</segmented>
	<object>
		<name>fire</name>
		<pose>Unspecified</pose>
		<truncated>0</truncated>
		<difficult>0</difficult>
		<bndbox>
			<xmin>19</xmin>
			<ymin>23</ymin>
			<xmax>227</xmax>
			<ymax>205</ymax>
		</bndbox>
	</object>
</annotation>
