<annotation>
	<folder>JPEGImages</folder>
	<filename>0065.jpg</filename>
	<path>D:\学习\论文\火灾\VOCdevkit\JPEGImages\0065.jpg</path>
	<source>
		<database>Unknown</database>
	</source>
	<size>
		<width>640</width>
		<height>421</height>
		<depth>3</depth>
	</size>
	<segmented>0</segmented>
	<object>
		<name>fire</name>
		<pose>Unspecified</pose>
		<truncated>0</truncated>
		<difficult>0</difficult>
		<bndbox>
			<xmin>128</xmin>
			<ymin>190</ymin>
			<xmax>520</xmax>
			<ymax>413</ymax>
		</bndbox>
	</object>
	<object>
		<name>fire</name>
		<pose>Unspecified</pose>
		<truncated>0</truncated>
		<difficult>0</difficult>
		<bndbox>
			<xmin>39</xmin>
			<ymin>322</ymin>
			<xmax>115</xmax>
			<ymax>373</ymax>
		</bndbox>
	</object>
</annotation>
