<annotation>
	<folder>JPEGImages</folder>
	<filename>0067.jpg</filename>
	<path>F:\01.dataset\Fire-Smoke-Dataset\JPEGImages\0067.jpg</path>
	<source>
		<database>Unknown</database>
	</source>
	<size>
		<width>694</width>
		<height>465</height>
		<depth>3</depth>
	</size>
	<segmented>0</segmented>
	<object>
		<name>fire</name>
		<pose>Unspecified</pose>
		<truncated>0</truncated>
		<difficult>0</difficult>
		<bndbox>
			<xmin>446</xmin>
			<ymin>276</ymin>
			<xmax>514</xmax>
			<ymax>432</ymax>
		</bndbox>
	</object>
</annotation>
