<annotation>
	<folder>JPEGImages</folder>
	<filename>0071.jpg</filename>
	<path>F:\01.dataset\Fire-Smoke-Dataset\JPEGImages\0071.jpg</path>
	<source>
		<database>Unknown</database>
	</source>
	<size>
		<width>800</width>
		<height>533</height>
		<depth>3</depth>
	</size>
	<segmented>0</segmented>
	<object>
		<name>fire</name>
		<pose>Unspecified</pose>
		<truncated>0</truncated>
		<difficult>0</difficult>
		<bndbox>
			<xmin>2</xmin>
			<ymin>25</ymin>
			<xmax>306</xmax>
			<ymax>278</ymax>
		</bndbox>
	</object>
	<object>
		<name>fire</name>
		<pose>Unspecified</pose>
		<truncated>0</truncated>
		<difficult>0</difficult>
		<bndbox>
			<xmin>29</xmin>
			<ymin>380</ymin>
			<xmax>70</xmax>
			<ymax>487</ymax>
		</bndbox>
	</object>
	<object>
		<name>fire</name>
		<pose>Unspecified</pose>
		<truncated>1</truncated>
		<difficult>0</difficult>
		<bndbox>
			<xmin>1</xmin>
			<ymin>447</ymin>
			<xmax>20</xmax>
			<ymax>490</ymax>
		</bndbox>
	</object>
</annotation>
