<annotation>
	<folder>JPEGImages</folder>
	<filename>0072.jpg</filename>
	<path>D:\学习\论文\火灾\VOCdevkit\JPEGImages\0072.jpg</path>
	<source>
		<database>Unknown</database>
	</source>
	<size>
		<width>1080</width>
		<height>1920</height>
		<depth>3</depth>
	</size>
	<segmented>0</segmented>
	<object>
		<name>fire</name>
		<pose>Unspecified</pose>
		<truncated>0</truncated>
		<difficult>0</difficult>
		<bndbox>
			<xmin>10</xmin>
			<ymin>346</ymin>
			<xmax>754</xmax>
			<ymax>858</ymax>
		</bndbox>
	</object>
</annotation>
