<annotation>
	<folder>JPEGImages</folder>
	<filename>0073.jpg</filename>
	<path>F:\01.dataset\Fire-Smoke-Dataset\JPEGImages\0073.jpg</path>
	<source>
		<database>Unknown</database>
	</source>
	<size>
		<width>852</width>
		<height>480</height>
		<depth>3</depth>
	</size>
	<segmented>0</segmented>
	<object>
		<name>fire</name>
		<pose>Unspecified</pose>
		<truncated>0</truncated>
		<difficult>0</difficult>
		<bndbox>
			<xmin>4</xmin>
			<ymin>88</ymin>
			<xmax>199</xmax>
			<ymax>251</ymax>
		</bndbox>
	</object>
	<object>
		<name>fire</name>
		<pose>Unspecified</pose>
		<truncated>0</truncated>
		<difficult>0</difficult>
		<bndbox>
			<xmin>295</xmin>
			<ymin>125</ymin>
			<xmax>705</xmax>
			<ymax>240</ymax>
		</bndbox>
	</object>
</annotation>
