<annotation>
	<folder>JPEGImages</folder>
	<filename>0074.jpg</filename>
	<path>D:\学习\论文\火灾\VOCdevkit\JPEGImages\0074.jpg</path>
	<source>
		<database>Unknown</database>
	</source>
	<size>
		<width>400</width>
		<height>324</height>
		<depth>3</depth>
	</size>
	<segmented>0</segmented>
	<object>
		<name>fire</name>
		<pose>Unspecified</pose>
		<truncated>1</truncated>
		<difficult>0</difficult>
		<bndbox>
			<xmin>273</xmin>
			<ymin>1</ymin>
			<xmax>395</xmax>
			<ymax>258</ymax>
		</bndbox>
	</object>
	<object>
		<name>fire</name>
		<pose>Unspecified</pose>
		<truncated>0</truncated>
		<difficult>0</difficult>
		<bndbox>
			<xmin>62</xmin>
			<ymin>266</ymin>
			<xmax>76</xmax>
			<ymax>291</ymax>
		</bndbox>
	</object>
	<object>
		<name>fire</name>
		<pose>Unspecified</pose>
		<truncated>0</truncated>
		<difficult>0</difficult>
		<bndbox>
			<xmin>28</xmin>
			<ymin>2</ymin>
			<xmax>154</xmax>
			<ymax>168</ymax>
		</bndbox>
	</object>
	<object>
		<name>fire</name>
		<pose>Unspecified</pose>
		<truncated>0</truncated>
		<difficult>0</difficult>
		<bndbox>
			<xmin>153</xmin>
			<ymin>272</ymin>
			<xmax>217</xmax>
			<ymax>290</ymax>
		</bndbox>
	</object>
</annotation>
