<annotation>
	<folder>JPEGImages</folder>
	<filename>0079.jpg</filename>
	<path>F:\01.dataset\Fire-Smoke-Dataset\JPEGImages\0079.jpg</path>
	<source>
		<database>Unknown</database>
	</source>
	<size>
		<width>500</width>
		<height>457</height>
		<depth>3</depth>
	</size>
	<segmented>0</segmented>
	<object>
		<name>fire</name>
		<pose>Unspecified</pose>
		<truncated>0</truncated>
		<difficult>0</difficult>
		<bndbox>
			<xmin>69</xmin>
			<ymin>214</ymin>
			<xmax>172</xmax>
			<ymax>317</ymax>
		</bndbox>
	</object>
	<object>
		<name>fire</name>
		<pose>Unspecified</pose>
		<truncated>0</truncated>
		<difficult>0</difficult>
		<bndbox>
			<xmin>263</xmin>
			<ymin>192</ymin>
			<xmax>372</xmax>
			<ymax>334</ymax>
		</bndbox>
	</object>
</annotation>
