<annotation>
	<folder>JPEGImages</folder>
	<filename>0080.jpg</filename>
	<path>F:\01.dataset\Fire-Smoke-Dataset\JPEGImages\0080.jpg</path>
	<source>
		<database>Unknown</database>
	</source>
	<size>
		<width>640</width>
		<height>537</height>
		<depth>3</depth>
	</size>
	<segmented>0</segmented>
	<object>
		<name>fire</name>
		<pose>Unspecified</pose>
		<truncated>0</truncated>
		<difficult>0</difficult>
		<bndbox>
			<xmin>114</xmin>
			<ymin>346</ymin>
			<xmax>267</xmax>
			<ymax>447</ymax>
		</bndbox>
	</object>
</annotation>
