<annotation>
	<folder>JPEGImages</folder>
	<filename>0081.jpg</filename>
	<path>D:\学习\论文\火灾\VOCdevkit\JPEGImages\0081.jpg</path>
	<source>
		<database>Unknown</database>
	</source>
	<size>
		<width>480</width>
		<height>320</height>
		<depth>3</depth>
	</size>
	<segmented>0</segmented>
	<object>
		<name>fire</name>
		<pose>Unspecified</pose>
		<truncated>1</truncated>
		<difficult>0</difficult>
		<bndbox>
			<xmin>218</xmin>
			<ymin>32</ymin>
			<xmax>480</xmax>
			<ymax>242</ymax>
		</bndbox>
	</object>
	<object>
		<name>fire</name>
		<pose>Unspecified</pose>
		<truncated>0</truncated>
		<difficult>0</difficult>
		<bndbox>
			<xmin>178</xmin>
			<ymin>95</ymin>
			<xmax>189</xmax>
			<ymax>173</ymax>
		</bndbox>
	</object>
</annotation>
