<annotation>
	<folder>JPEGImages</folder>
	<filename>0082.jpg</filename>
	<path>D:\学习\论文\火灾\VOCdevkit\JPEGImages\0082.jpg</path>
	<source>
		<database>Unknown</database>
	</source>
	<size>
		<width>500</width>
		<height>333</height>
		<depth>3</depth>
	</size>
	<segmented>0</segmented>
	<object>
		<name>fire</name>
		<pose>Unspecified</pose>
		<truncated>0</truncated>
		<difficult>0</difficult>
		<bndbox>
			<xmin>119</xmin>
			<ymin>77</ymin>
			<xmax>495</xmax>
			<ymax>313</ymax>
		</bndbox>
	</object>
	<object>
		<name>fire</name>
		<pose>Unspecified</pose>
		<truncated>0</truncated>
		<difficult>0</difficult>
		<bndbox>
			<xmin>66</xmin>
			<ymin>260</ymin>
			<xmax>115</xmax>
			<ymax>276</ymax>
		</bndbox>
	</object>
</annotation>
