<annotation>
	<folder>forest_fire</folder>
	<filename>1149c850-0475-4f91-8ccb-cc592ae3412c.jpg</filename>
	<path>F:\DataSets\hlw_fire_data\forest_fire\1149c850-0475-4f91-8ccb-cc592ae3412c.jpg</path>
	<source>
		<database>Unknown</database>
	</source>
	<size>
		<width>500</width>
		<height>334</height>
		<depth>3</depth>
	</size>
	<segmented>0</segmented>
	<object>
		<name>fire</name>
		<pose>Unspecified</pose>
		<truncated>0</truncated>
		<difficult>0</difficult>
		<bndbox>
			<xmin>2</xmin>
			<ymin>106</ymin>
			<xmax>247</xmax>
			<ymax>303</ymax>
		</bndbox>
	</object>
</annotation>
