<annotation>
	<folder>JPEGImages</folder>
	<filename>0084.jpg</filename>
	<path>F:\01.dataset\Fire-Smoke-Dataset\JPEGImages\0084.jpg</path>
	<source>
		<database>Unknown</database>
	</source>
	<size>
		<width>900</width>
		<height>600</height>
		<depth>3</depth>
	</size>
	<segmented>0</segmented>
	<object>
		<name>fire</name>
		<pose>Unspecified</pose>
		<truncated>0</truncated>
		<difficult>0</difficult>
		<bndbox>
			<xmin>16</xmin>
			<ymin>341</ymin>
			<xmax>589</xmax>
			<ymax>578</ymax>
		</bndbox>
	</object>
</annotation>
