<annotation>
	<folder>JPEGImages</folder>
	<filename>0086.jpg</filename>
	<path>F:\01.dataset\Fire-Smoke-Dataset\JPEGImages\0086.jpg</path>
	<source>
		<database>Unknown</database>
	</source>
	<size>
		<width>400</width>
		<height>299</height>
		<depth>3</depth>
	</size>
	<segmented>0</segmented>
	<object>
		<name>fire</name>
		<pose>Unspecified</pose>
		<truncated>0</truncated>
		<difficult>0</difficult>
		<bndbox>
			<xmin>70</xmin>
			<ymin>138</ymin>
			<xmax>298</xmax>
			<ymax>227</ymax>
		</bndbox>
	</object>
</annotation>
