<annotation>
	<folder>JPEGImages</folder>
	<filename>0087.jpg</filename>
	<path>D:\学习\论文\火灾\VOCdevkit\JPEGImages\0087.jpg</path>
	<source>
		<database>Unknown</database>
	</source>
	<size>
		<width>598</width>
		<height>405</height>
		<depth>3</depth>
	</size>
	<segmented>0</segmented>
	<object>
		<name>fire</name>
		<pose>Unspecified</pose>
		<truncated>0</truncated>
		<difficult>0</difficult>
		<bndbox>
			<xmin>132</xmin>
			<ymin>8</ymin>
			<xmax>245</xmax>
			<ymax>255</ymax>
		</bndbox>
	</object>
	<object>
		<name>fire</name>
		<pose>Unspecified</pose>
		<truncated>0</truncated>
		<difficult>0</difficult>
		<bndbox>
			<xmin>364</xmin>
			<ymin>126</ymin>
			<xmax>420</xmax>
			<ymax>228</ymax>
		</bndbox>
	</object>
	<object>
		<name>fire</name>
		<pose>Unspecified</pose>
		<truncated>0</truncated>
		<difficult>0</difficult>
		<bndbox>
			<xmin>182</xmin>
			<ymin>325</ymin>
			<xmax>447</xmax>
			<ymax>384</ymax>
		</bndbox>
	</object>
	<object>
		<name>fire</name>
		<pose>Unspecified</pose>
		<truncated>0</truncated>
		<difficult>0</difficult>
		<bndbox>
			<xmin>320</xmin>
			<ymin>278</ymin>
			<xmax>363</xmax>
			<ymax>297</ymax>
		</bndbox>
	</object>
</annotation>
