<annotation>
	<folder>JPEGImages</folder>
	<filename>0088.jpg</filename>
	<path>F:\01.dataset\Fire-Smoke-Dataset\JPEGImages\0088.jpg</path>
	<source>
		<database>Unknown</database>
	</source>
	<size>
		<width>400</width>
		<height>239</height>
		<depth>3</depth>
	</size>
	<segmented>0</segmented>
	<object>
		<name>fire</name>
		<pose>Unspecified</pose>
		<truncated>0</truncated>
		<difficult>0</difficult>
		<bndbox>
			<xmin>18</xmin>
			<ymin>186</ymin>
			<xmax>144</xmax>
			<ymax>238</ymax>
		</bndbox>
	</object>
	<object>
		<name>fire</name>
		<pose>Unspecified</pose>
		<truncated>0</truncated>
		<difficult>0</difficult>
		<bndbox>
			<xmin>89</xmin>
			<ymin>90</ymin>
			<xmax>225</xmax>
			<ymax>174</ymax>
		</bndbox>
	</object>
</annotation>
