<annotation>
	<folder>JPEGImages</folder>
	<filename>0089.jpg</filename>
	<path>F:\01.dataset\Fire-Smoke-Dataset\JPEGImages\0089.jpg</path>
	<source>
		<database>Unknown</database>
	</source>
	<size>
		<width>500</width>
		<height>332</height>
		<depth>3</depth>
	</size>
	<segmented>0</segmented>
	<object>
		<name>fire</name>
		<pose>Unspecified</pose>
		<truncated>0</truncated>
		<difficult>0</difficult>
		<bndbox>
			<xmin>156</xmin>
			<ymin>165</ymin>
			<xmax>312</xmax>
			<ymax>263</ymax>
		</bndbox>
	</object>
</annotation>
