<annotation>
	<folder>JPEGImages</folder>
	<filename>0090.jpg</filename>
	<path>D:\学习\论文\火灾\VOCdevkit\JPEGImages\0090.jpg</path>
	<source>
		<database>Unknown</database>
	</source>
	<size>
		<width>930</width>
		<height>558</height>
		<depth>3</depth>
	</size>
	<segmented>0</segmented>
	<object>
		<name>fire</name>
		<pose>Unspecified</pose>
		<truncated>0</truncated>
		<difficult>0</difficult>
		<bndbox>
			<xmin>467</xmin>
			<ymin>154</ymin>
			<xmax>923</xmax>
			<ymax>473</ymax>
		</bndbox>
	</object>
	<object>
		<name>fire</name>
		<pose>Unspecified</pose>
		<truncated>0</truncated>
		<difficult>0</difficult>
		<bndbox>
			<xmin>217</xmin>
			<ymin>292</ymin>
			<xmax>409</xmax>
			<ymax>460</ymax>
		</bndbox>
	</object>
</annotation>
