<annotation>
	<folder>forest_fire</folder>
	<filename>124e4adf-94c2-498a-a405-8913d9706fe6.jpg</filename>
	<path>F:\DataSets\hlw_fire_data\forest_fire\124e4adf-94c2-498a-a405-8913d9706fe6.jpg</path>
	<source>
		<database>Unknown</database>
	</source>
	<size>
		<width>640</width>
		<height>408</height>
		<depth>3</depth>
	</size>
	<segmented>0</segmented>
	<object>
		<name>fire</name>
		<pose>Unspecified</pose>
		<truncated>0</truncated>
		<difficult>0</difficult>
		<bndbox>
			<xmin>431</xmin>
			<ymin>274</ymin>
			<xmax>499</xmax>
			<ymax>359</ymax>
		</bndbox>
	</object>
	<object>
		<name>fire</name>
		<pose>Unspecified</pose>
		<truncated>0</truncated>
		<difficult>0</difficult>
		<bndbox>
			<xmin>347</xmin>
			<ymin>162</ymin>
			<xmax>406</xmax>
			<ymax>368</ymax>
		</bndbox>
	</object>
</annotation>
