<annotation>
	<folder>JPEGImages</folder>
	<filename>0092.jpg</filename>
	<path>D:\学习\论文\火灾\VOCdevkit\JPEGImages\0092.jpg</path>
	<source>
		<database>Unknown</database>
	</source>
	<size>
		<width>234</width>
		<height>310</height>
		<depth>3</depth>
	</size>
	<segmented>0</segmented>
	<object>
		<name>fire</name>
		<pose>Unspecified</pose>
		<truncated>0</truncated>
		<difficult>0</difficult>
		<bndbox>
			<xmin>88</xmin>
			<ymin>65</ymin>
			<xmax>162</xmax>
			<ymax>148</ymax>
		</bndbox>
	</object>
</annotation>
