<annotation>
	<folder>JPEGImages</folder>
	<filename>0093.jpg</filename>
	<path>D:\学习\论文\火灾\VOCdevkit\JPEGImages\0093.jpg</path>
	<source>
		<database>Unknown</database>
	</source>
	<size>
		<width>400</width>
		<height>266</height>
		<depth>3</depth>
	</size>
	<segmented>0</segmented>
	<object>
		<name>fire</name>
		<pose>Unspecified</pose>
		<truncated>0</truncated>
		<difficult>0</difficult>
		<bndbox>
			<xmin>82</xmin>
			<ymin>114</ymin>
			<xmax>272</xmax>
			<ymax>226</ymax>
		</bndbox>
	</object>
</annotation>
