<annotation>
	<folder>JPEGImages</folder>
	<filename>0095.jpg</filename>
	<path>D:\学习\论文\火灾\VOCdevkit\JPEGImages\0095.jpg</path>
	<source>
		<database>Unknown</database>
	</source>
	<size>
		<width>800</width>
		<height>600</height>
		<depth>3</depth>
	</size>
	<segmented>0</segmented>
	<object>
		<name>fire</name>
		<pose>Unspecified</pose>
		<truncated>0</truncated>
		<difficult>0</difficult>
		<bndbox>
			<xmin>257</xmin>
			<ymin>366</ymin>
			<xmax>430</xmax>
			<ymax>516</ymax>
		</bndbox>
	</object>
</annotation>
