<annotation>
	<folder>JPEGImages</folder>
	<filename>0096.jpg</filename>
	<path>D:\学习\论文\火灾\VOCdevkit\JPEGImages\0096.jpg</path>
	<source>
		<database>Unknown</database>
	</source>
	<size>
		<width>530</width>
		<height>788</height>
		<depth>3</depth>
	</size>
	<segmented>0</segmented>
	<object>
		<name>fire</name>
		<pose>Unspecified</pose>
		<truncated>0</truncated>
		<difficult>0</difficult>
		<bndbox>
			<xmin>312</xmin>
			<ymin>442</ymin>
			<xmax>475</xmax>
			<ymax>607</ymax>
		</bndbox>
	</object>
</annotation>
