<annotation>
	<folder>forest_fire</folder>
	<filename>130055ff-b422-45e1-9ff2-edc359690f32.jpg</filename>
	<path>F:\DataSets\hlw_fire_data\forest_fire\130055ff-b422-45e1-9ff2-edc359690f32.jpg</path>
	<source>
		<database>Unknown</database>
	</source>
	<size>
		<width>500</width>
		<height>333</height>
		<depth>3</depth>
	</size>
	<segmented>0</segmented>
	<object>
		<name>fire</name>
		<pose>Unspecified</pose>
		<truncated>0</truncated>
		<difficult>0</difficult>
		<bndbox>
			<xmin>4</xmin>
			<ymin>220</ymin>
			<xmax>27</xmax>
			<ymax>274</ymax>
		</bndbox>
	</object>
	<object>
		<name>fire</name>
		<pose>Unspecified</pose>
		<truncated>0</truncated>
		<difficult>0</difficult>
		<bndbox>
			<xmin>66</xmin>
			<ymin>146</ymin>
			<xmax>443</xmax>
			<ymax>280</ymax>
		</bndbox>
	</object>
	<object>
		<name>fire</name>
		<pose>Unspecified</pose>
		<truncated>1</truncated>
		<difficult>0</difficult>
		<bndbox>
			<xmin>480</xmin>
			<ymin>228</ymin>
			<xmax>500</xmax>
			<ymax>277</ymax>
		</bndbox>
	</object>
</annotation>
