<annotation>
	<folder>JPEGImages</folder>
	<filename>0099.jpg</filename>
	<path>D:\学习\论文\火灾\VOCdevkit\JPEGImages\0099.jpg</path>
	<source>
		<database>Unknown</database>
	</source>
	<size>
		<width>550</width>
		<height>417</height>
		<depth>3</depth>
	</size>
	<segmented>0</segmented>
	<object>
		<name>fire</name>
		<pose>Unspecified</pose>
		<truncated>0</truncated>
		<difficult>0</difficult>
		<bndbox>
			<xmin>92</xmin>
			<ymin>176</ymin>
			<xmax>222</xmax>
			<ymax>323</ymax>
		</bndbox>
	</object>
</annotation>
