<annotation verified="yes">
	<folder>JPEGImages</folder>
	<filename>0101.jpg</filename>
	<path>F:\01.dataset\Fire-Smoke-Dataset\JPEGImages\0101.jpg</path>
	<source>
		<database>Unknown</database>
	</source>
	<size>
		<width>600</width>
		<height>399</height>
		<depth>3</depth>
	</size>
	<segmented>0</segmented>
	<object>
		<name>fire</name>
		<pose>Unspecified</pose>
		<truncated>0</truncated>
		<difficult>0</difficult>
		<bndbox>
			<xmin>464</xmin>
			<ymin>20</ymin>
			<xmax>556</xmax>
			<ymax>160</ymax>
		</bndbox>
	</object>
</annotation>
