<annotation>
	<folder>JPEGImages</folder>
	<filename>0103.jpg</filename>
	<path>F:\01.dataset\Fire-Smoke-Dataset\JPEGImages\0103.jpg</path>
	<source>
		<database>Unknown</database>
	</source>
	<size>
		<width>940</width>
		<height>626</height>
		<depth>3</depth>
	</size>
	<segmented>0</segmented>
	<object>
		<name>fire</name>
		<pose>Unspecified</pose>
		<truncated>0</truncated>
		<difficult>0</difficult>
		<bndbox>
			<xmin>9</xmin>
			<ymin>121</ymin>
			<xmax>937</xmax>
			<ymax>422</ymax>
		</bndbox>
	</object>
</annotation>
