<annotation>
	<folder>forest_fire</folder>
	<filename>138a6175-1bcd-435d-b742-fdfe35fea9a2.jpg</filename>
	<path>F:\DataSets\hlw_fire_data\forest_fire\138a6175-1bcd-435d-b742-fdfe35fea9a2.jpg</path>
	<source>
		<database>Unknown</database>
	</source>
	<size>
		<width>700</width>
		<height>525</height>
		<depth>3</depth>
	</size>
	<segmented>0</segmented>
	<object>
		<name>fire</name>
		<pose>Unspecified</pose>
		<truncated>0</truncated>
		<difficult>0</difficult>
		<bndbox>
			<xmin>181</xmin>
			<ymin>258</ymin>
			<xmax>413</xmax>
			<ymax>377</ymax>
		</bndbox>
	</object>
</annotation>
