<annotation>
	<folder>JPEGImages</folder>
	<filename>0107.jpg</filename>
	<path>D:\学习\论文\火灾\VOCdevkit\JPEGImages\0107.jpg</path>
	<source>
		<database>Unknown</database>
	</source>
	<size>
		<width>370</width>
		<height>204</height>
		<depth>3</depth>
	</size>
	<segmented>0</segmented>
	<object>
		<name>fire</name>
		<pose>Unspecified</pose>
		<truncated>0</truncated>
		<difficult>0</difficult>
		<bndbox>
			<xmin>80</xmin>
			<ymin>78</ymin>
			<xmax>354</xmax>
			<ymax>184</ymax>
		</bndbox>
	</object>
</annotation>
