<annotation>
	<folder>JPEGImages</folder>
	<filename>0108.jpg</filename>
	<path>D:\学习\论文\火灾\VOCdevkit\JPEGImages\0108.jpg</path>
	<source>
		<database>Unknown</database>
	</source>
	<size>
		<width>500</width>
		<height>321</height>
		<depth>3</depth>
	</size>
	<segmented>0</segmented>
	<object>
		<name>fire</name>
		<pose>Unspecified</pose>
		<truncated>0</truncated>
		<difficult>0</difficult>
		<bndbox>
			<xmin>3</xmin>
			<ymin>188</ymin>
			<xmax>304</xmax>
			<ymax>317</ymax>
		</bndbox>
	</object>
</annotation>
