<annotation>
	<folder>forest_fire</folder>
	<filename>148e6c5c-bea2-4497-b545-977125d9474e.jpg</filename>
	<path>F:\DataSets\hlw_fire_data\forest_fire\148e6c5c-bea2-4497-b545-977125d9474e.jpg</path>
	<source>
		<database>Unknown</database>
	</source>
	<size>
		<width>534</width>
		<height>293</height>
		<depth>3</depth>
	</size>
	<segmented>0</segmented>
	<object>
		<name>fire</name>
		<pose>Unspecified</pose>
		<truncated>0</truncated>
		<difficult>0</difficult>
		<bndbox>
			<xmin>35</xmin>
			<ymin>6</ymin>
			<xmax>403</xmax>
			<ymax>291</ymax>
		</bndbox>
	</object>
</annotation>
