<annotation>
	<folder>JPEGImages</folder>
	<filename>0110.jpg</filename>
	<path>D:\学习\论文\火灾\VOCdevkit\JPEGImages\0110.jpg</path>
	<source>
		<database>Unknown</database>
	</source>
	<size>
		<width>950</width>
		<height>619</height>
		<depth>3</depth>
	</size>
	<segmented>0</segmented>
	<object>
		<name>fire</name>
		<pose>Unspecified</pose>
		<truncated>0</truncated>
		<difficult>0</difficult>
		<bndbox>
			<xmin>476</xmin>
			<ymin>417</ymin>
			<xmax>647</xmax>
			<ymax>505</ymax>
		</bndbox>
	</object>
	<object>
		<name>fire</name>
		<pose>Unspecified</pose>
		<truncated>0</truncated>
		<difficult>0</difficult>
		<bndbox>
			<xmin>562</xmin>
			<ymin>292</ymin>
			<xmax>692</xmax>
			<ymax>406</ymax>
		</bndbox>
	</object>
	<object>
		<name>fire</name>
		<pose>Unspecified</pose>
		<truncated>0</truncated>
		<difficult>0</difficult>
		<bndbox>
			<xmin>698</xmin>
			<ymin>490</ymin>
			<xmax>739</xmax>
			<ymax>517</ymax>
		</bndbox>
	</object>
	<object>
		<name>fire</name>
		<pose>Unspecified</pose>
		<truncated>0</truncated>
		<difficult>0</difficult>
		<bndbox>
			<xmin>361</xmin>
			<ymin>411</ymin>
			<xmax>418</xmax>
			<ymax>448</ymax>
		</bndbox>
	</object>
</annotation>
