<annotation>
	<folder>vehicle_fire</folder>
	<filename>150389db-ed76-48f2-807b-24f0abf65bca.jpg</filename>
	<path>F:\DataSets\hlw_fire_data\vehicle_fire\150389db-ed76-48f2-807b-24f0abf65bca.jpg</path>
	<source>
		<database>Unknown</database>
	</source>
	<size>
		<width>828</width>
		<height>621</height>
		<depth>3</depth>
	</size>
	<segmented>0</segmented>
	<object>
		<name>fire</name>
		<pose>Unspecified</pose>
		<truncated>0</truncated>
		<difficult>0</difficult>
		<bndbox>
			<xmin>286</xmin>
			<ymin>191</ymin>
			<xmax>505</xmax>
			<ymax>436</ymax>
		</bndbox>
	</object>
</annotation>
