<annotation>
	<folder>JPEGImages</folder>
	<filename>0112.jpg</filename>
	<path>F:\01.dataset\Fire-Smoke-Dataset\JPEGImages\0112.jpg</path>
	<source>
		<database>Unknown</database>
	</source>
	<size>
		<width>460</width>
		<height>259</height>
		<depth>3</depth>
	</size>
	<segmented>0</segmented>
	<object>
		<name>fire</name>
		<pose>Unspecified</pose>
		<truncated>1</truncated>
		<difficult>0</difficult>
		<bndbox>
			<xmin>304</xmin>
			<ymin>1</ymin>
			<xmax>425</xmax>
			<ymax>202</ymax>
		</bndbox>
	</object>
</annotation>
