<annotation>
	<folder>building_fire</folder>
	<filename>1512866b-4ca2-45eb-8261-ae2e1a0ef576.jpg</filename>
	<path>F:\DataSets\hlw_fire_data\building_fire\1512866b-4ca2-45eb-8261-ae2e1a0ef576.jpg</path>
	<source>
		<database>Unknown</database>
	</source>
	<size>
		<width>374</width>
		<height>446</height>
		<depth>3</depth>
	</size>
	<segmented>0</segmented>
	<object>
		<name>fire</name>
		<pose>Unspecified</pose>
		<truncated>0</truncated>
		<difficult>0</difficult>
		<bndbox>
			<xmin>208</xmin>
			<ymin>88</ymin>
			<xmax>224</xmax>
			<ymax>358</ymax>
		</bndbox>
	</object>
</annotation>
