<annotation>
	<folder>JPEGImages</folder>
	<filename>0115.jpg</filename>
	<path>F:\01.dataset\Fire-Smoke-Dataset\JPEGImages\0115.jpg</path>
	<source>
		<database>Unknown</database>
	</source>
	<size>
		<width>800</width>
		<height>450</height>
		<depth>3</depth>
	</size>
	<segmented>0</segmented>
	<object>
		<name>fire</name>
		<pose>Unspecified</pose>
		<truncated>0</truncated>
		<difficult>0</difficult>
		<bndbox>
			<xmin>4</xmin>
			<ymin>5</ymin>
			<xmax>745</xmax>
			<ymax>354</ymax>
		</bndbox>
	</object>
</annotation>
