<annotation>
	<folder>vehicle_fire</folder>
	<filename>155c4b97-3b20-4f9a-afc4-c0ac1f396f80.jpg</filename>
	<path>F:\DataSets\hlw_fire_data\vehicle_fire\155c4b97-3b20-4f9a-afc4-c0ac1f396f80.jpg</path>
	<source>
		<database>Unknown</database>
	</source>
	<size>
		<width>640</width>
		<height>425</height>
		<depth>3</depth>
	</size>
	<segmented>0</segmented>
	<object>
		<name>fire</name>
		<pose>Unspecified</pose>
		<truncated>0</truncated>
		<difficult>0</difficult>
		<bndbox>
			<xmin>275</xmin>
			<ymin>173</ymin>
			<xmax>348</xmax>
			<ymax>224</ymax>
		</bndbox>
	</object>
</annotation>
