<annotation>
	<folder>building_fire</folder>
	<filename>1576a04e-5101-4cdd-9aa7-fab8818ed038.jpg</filename>
	<path>F:\DataSets\hlw_fire_data\building_fire\1576a04e-5101-4cdd-9aa7-fab8818ed038.jpg</path>
	<source>
		<database>Unknown</database>
	</source>
	<size>
		<width>607</width>
		<height>270</height>
		<depth>3</depth>
	</size>
	<segmented>0</segmented>
	<object>
		<name>fire</name>
		<pose>Unspecified</pose>
		<truncated>1</truncated>
		<difficult>0</difficult>
		<bndbox>
			<xmin>1</xmin>
			<ymin>32</ymin>
			<xmax>100</xmax>
			<ymax>149</ymax>
		</bndbox>
	</object>
	<object>
		<name>fire</name>
		<pose>Unspecified</pose>
		<truncated>0</truncated>
		<difficult>0</difficult>
		<bndbox>
			<xmin>271</xmin>
			<ymin>44</ymin>
			<xmax>605</xmax>
			<ymax>267</ymax>
		</bndbox>
	</object>
</annotation>
