<annotation>
	<folder>vehicle_fire</folder>
	<filename>15d334c9-9d56-4976-853b-12bf7e182ed5.jpg</filename>
	<path>F:\DataSets\hlw_fire_data\vehicle_fire\15d334c9-9d56-4976-853b-12bf7e182ed5.jpg</path>
	<source>
		<database>Unknown</database>
	</source>
	<size>
		<width>1080</width>
		<height>653</height>
		<depth>3</depth>
	</size>
	<segmented>0</segmented>
	<object>
		<name>fire</name>
		<pose>Unspecified</pose>
		<truncated>0</truncated>
		<difficult>0</difficult>
		<bndbox>
			<xmin>290</xmin>
			<ymin>367</ymin>
			<xmax>390</xmax>
			<ymax>473</ymax>
		</bndbox>
	</object>
	<object>
		<name>fire</name>
		<pose>Unspecified</pose>
		<truncated>0</truncated>
		<difficult>0</difficult>
		<bndbox>
			<xmin>557</xmin>
			<ymin>210</ymin>
			<xmax>839</xmax>
			<ymax>390</ymax>
		</bndbox>
	</object>
	<object>
		<name>fire</name>
		<pose>Unspecified</pose>
		<truncated>0</truncated>
		<difficult>0</difficult>
		<bndbox>
			<xmin>639</xmin>
			<ymin>408</ymin>
			<xmax>761</xmax>
			<ymax>510</ymax>
		</bndbox>
	</object>
</annotation>
