<annotation>
	<folder>forest_fire</folder>
	<filename>165b22d4-ffcd-4728-b808-5619d62a44c3.jpg</filename>
	<path>F:\DataSets\hlw_fire_data\forest_fire\165b22d4-ffcd-4728-b808-5619d62a44c3.jpg</path>
	<source>
		<database>Unknown</database>
	</source>
	<size>
		<width>798</width>
		<height>600</height>
		<depth>3</depth>
	</size>
	<segmented>0</segmented>
	<object>
		<name>fire</name>
		<pose>Unspecified</pose>
		<truncated>0</truncated>
		<difficult>0</difficult>
		<bndbox>
			<xmin>12</xmin>
			<ymin>399</ymin>
			<xmax>147</xmax>
			<ymax>481</ymax>
		</bndbox>
	</object>
	<object>
		<name>fire</name>
		<pose>Unspecified</pose>
		<truncated>0</truncated>
		<difficult>0</difficult>
		<bndbox>
			<xmin>217</xmin>
			<ymin>210</ymin>
			<xmax>775</xmax>
			<ymax>499</ymax>
		</bndbox>
	</object>
</annotation>
