<annotation>
	<folder>grassland_fire</folder>
	<filename>1695b682-5a88-44cf-992a-968b87172675.jpg</filename>
	<path>F:\DataSets\hlw_fire_data\grassland_fire\1695b682-5a88-44cf-992a-968b87172675.jpg</path>
	<source>
		<database>Unknown</database>
	</source>
	<size>
		<width>500</width>
		<height>333</height>
		<depth>3</depth>
	</size>
	<segmented>0</segmented>
	<object>
		<name>fire</name>
		<pose>Unspecified</pose>
		<truncated>0</truncated>
		<difficult>0</difficult>
		<bndbox>
			<xmin>91</xmin>
			<ymin>86</ymin>
			<xmax>293</xmax>
			<ymax>327</ymax>
		</bndbox>
	</object>
</annotation>
