<annotation>
	<folder>vehicle_fire</folder>
	<filename>16a3592f-8d7d-40c9-9e2b-2c0ab5b0e053.jpg</filename>
	<path>F:\DataSets\hlw_fire_data\vehicle_fire\16a3592f-8d7d-40c9-9e2b-2c0ab5b0e053.jpg</path>
	<source>
		<database>Unknown</database>
	</source>
	<size>
		<width>400</width>
		<height>533</height>
		<depth>3</depth>
	</size>
	<segmented>0</segmented>
	<object>
		<name>fire</name>
		<pose>Unspecified</pose>
		<truncated>0</truncated>
		<difficult>0</difficult>
		<bndbox>
			<xmin>187</xmin>
			<ymin>279</ymin>
			<xmax>226</xmax>
			<ymax>314</ymax>
		</bndbox>
	</object>
</annotation>
