<annotation>
	<folder>vehicle_fire</folder>
	<filename>17b58c42-a244-40d9-8da8-281b20eab5de.jpg</filename>
	<path>F:\DataSets\hlw_fire_data\vehicle_fire\17b58c42-a244-40d9-8da8-281b20eab5de.jpg</path>
	<source>
		<database>Unknown</database>
	</source>
	<size>
		<width>530</width>
		<height>351</height>
		<depth>3</depth>
	</size>
	<segmented>0</segmented>
	<object>
		<name>fire</name>
		<pose>Unspecified</pose>
		<truncated>0</truncated>
		<difficult>0</difficult>
		<bndbox>
			<xmin>95</xmin>
			<ymin>200</ymin>
			<xmax>214</xmax>
			<ymax>236</ymax>
		</bndbox>
	</object>
	<object>
		<name>fire</name>
		<pose>Unspecified</pose>
		<truncated>0</truncated>
		<difficult>0</difficult>
		<bndbox>
			<xmin>341</xmin>
			<ymin>223</ymin>
			<xmax>443</xmax>
			<ymax>269</ymax>
		</bndbox>
	</object>
</annotation>
