<annotation>
	<folder>vehicle_fire</folder>
	<filename>185e2d9a-cca3-4f4f-bb0f-2f0b58cb71ae.jpg</filename>
	<path>F:\DataSets\hlw_fire_data\vehicle_fire\185e2d9a-cca3-4f4f-bb0f-2f0b58cb71ae.jpg</path>
	<source>
		<database>Unknown</database>
	</source>
	<size>
		<width>500</width>
		<height>334</height>
		<depth>3</depth>
	</size>
	<segmented>0</segmented>
	<object>
		<name>fire</name>
		<pose>Unspecified</pose>
		<truncated>0</truncated>
		<difficult>0</difficult>
		<bndbox>
			<xmin>158</xmin>
			<ymin>163</ymin>
			<xmax>192</xmax>
			<ymax>208</ymax>
		</bndbox>
	</object>
	<object>
		<name>fire</name>
		<pose>Unspecified</pose>
		<truncated>0</truncated>
		<difficult>0</difficult>
		<bndbox>
			<xmin>213</xmin>
			<ymin>158</ymin>
			<xmax>258</xmax>
			<ymax>205</ymax>
		</bndbox>
	</object>
</annotation>
