<annotation>
	<folder>forest_fire</folder>
	<filename>185e7908-211b-4600-b6f4-adf5757fd7b4.jpg</filename>
	<path>F:\DataSets\hlw_fire_data\forest_fire\185e7908-211b-4600-b6f4-adf5757fd7b4.jpg</path>
	<source>
		<database>Unknown</database>
	</source>
	<size>
		<width>640</width>
		<height>327</height>
		<depth>3</depth>
	</size>
	<segmented>0</segmented>
	<object>
		<name>fire</name>
		<pose>Unspecified</pose>
		<truncated>0</truncated>
		<difficult>0</difficult>
		<bndbox>
			<xmin>433</xmin>
			<ymin>154</ymin>
			<xmax>537</xmax>
			<ymax>203</ymax>
		</bndbox>
	</object>
	<object>
		<name>fire</name>
		<pose>Unspecified</pose>
		<truncated>0</truncated>
		<difficult>0</difficult>
		<bndbox>
			<xmin>475</xmin>
			<ymin>112</ymin>
			<xmax>494</xmax>
			<ymax>131</ymax>
		</bndbox>
	</object>
	<object>
		<name>fire</name>
		<pose>Unspecified</pose>
		<truncated>0</truncated>
		<difficult>0</difficult>
		<bndbox>
			<xmin>116</xmin>
			<ymin>258</ymin>
			<xmax>362</xmax>
			<ymax>308</ymax>
		</bndbox>
	</object>
</annotation>
