<annotation>
	<folder>forest_fire</folder>
	<filename>1862baac-1545-4729-be63-1d766cfb0da3.jpg</filename>
	<path>F:\DataSets\hlw_fire_data\forest_fire\1862baac-1545-4729-be63-1d766cfb0da3.jpg</path>
	<source>
		<database>Unknown</database>
	</source>
	<size>
		<width>550</width>
		<height>309</height>
		<depth>3</depth>
	</size>
	<segmented>0</segmented>
	<object>
		<name>fire</name>
		<pose>Unspecified</pose>
		<truncated>0</truncated>
		<difficult>0</difficult>
		<bndbox>
			<xmin>55</xmin>
			<ymin>33</ymin>
			<xmax>523</xmax>
			<ymax>291</ymax>
		</bndbox>
	</object>
</annotation>
