<annotation>
	<folder>forest_fire</folder>
	<filename>18657d3a-2eb2-40c1-b88a-a6d0b9c16dec.jpg</filename>
	<path>F:\DataSets\hlw_fire_data\forest_fire\18657d3a-2eb2-40c1-b88a-a6d0b9c16dec.jpg</path>
	<source>
		<database>Unknown</database>
	</source>
	<size>
		<width>705</width>
		<height>375</height>
		<depth>3</depth>
	</size>
	<segmented>0</segmented>
	<object>
		<name>fire</name>
		<pose>Unspecified</pose>
		<truncated>0</truncated>
		<difficult>0</difficult>
		<bndbox>
			<xmin>155</xmin>
			<ymin>123</ymin>
			<xmax>578</xmax>
			<ymax>265</ymax>
		</bndbox>
	</object>
	<object>
		<name>fire</name>
		<pose>Unspecified</pose>
		<truncated>0</truncated>
		<difficult>0</difficult>
		<bndbox>
			<xmin>624</xmin>
			<ymin>187</ymin>
			<xmax>665</xmax>
			<ymax>223</ymax>
		</bndbox>
	</object>
	<object>
		<name>fire</name>
		<pose>Unspecified</pose>
		<truncated>0</truncated>
		<difficult>0</difficult>
		<bndbox>
			<xmin>105</xmin>
			<ymin>166</ymin>
			<xmax>130</xmax>
			<ymax>196</ymax>
		</bndbox>
	</object>
	<object>
		<name>fire</name>
		<pose>Unspecified</pose>
		<truncated>0</truncated>
		<difficult>0</difficult>
		<bndbox>
			<xmin>39</xmin>
			<ymin>210</ymin>
			<xmax>66</xmax>
			<ymax>234</ymax>
		</bndbox>
	</object>
</annotation>
