<annotation>
	<folder>forest_fire</folder>
	<filename>187b7111-3763-4090-ba29-55f5182f9f2d.jpg</filename>
	<path>F:\DataSets\hlw_fire_data\forest_fire\187b7111-3763-4090-ba29-55f5182f9f2d.jpg</path>
	<source>
		<database>Unknown</database>
	</source>
	<size>
		<width>800</width>
		<height>487</height>
		<depth>3</depth>
	</size>
	<segmented>0</segmented>
	<object>
		<name>fire</name>
		<pose>Unspecified</pose>
		<truncated>0</truncated>
		<difficult>0</difficult>
		<bndbox>
			<xmin>182</xmin>
			<ymin>282</ymin>
			<xmax>424</xmax>
			<ymax>423</ymax>
		</bndbox>
	</object>
	<object>
		<name>fire</name>
		<pose>Unspecified</pose>
		<truncated>0</truncated>
		<difficult>0</difficult>
		<bndbox>
			<xmin>343</xmin>
			<ymin>24</ymin>
			<xmax>773</xmax>
			<ymax>267</ymax>
		</bndbox>
	</object>
	<object>
		<name>fire</name>
		<pose>Unspecified</pose>
		<truncated>0</truncated>
		<difficult>0</difficult>
		<bndbox>
			<xmin>528</xmin>
			<ymin>328</ymin>
			<xmax>623</xmax>
			<ymax>440</ymax>
		</bndbox>
	</object>
	<object>
		<name>fire</name>
		<pose>Unspecified</pose>
		<truncated>0</truncated>
		<difficult>0</difficult>
		<bndbox>
			<xmin>51</xmin>
			<ymin>282</ymin>
			<xmax>160</xmax>
			<ymax>323</ymax>
		</bndbox>
	</object>
</annotation>
