<annotation>
	<folder>JPEGImages</folder>
	<filename>0134.jpg</filename>
	<path>F:\01.dataset\Fire-Smoke-Dataset\JPEGImages\0134.jpg</path>
	<source>
		<database>Unknown</database>
	</source>
	<size>
		<width>250</width>
		<height>250</height>
		<depth>3</depth>
	</size>
	<segmented>0</segmented>
	<object>
		<name>fire</name>
		<pose>Unspecified</pose>
		<truncated>0</truncated>
		<difficult>0</difficult>
		<bndbox>
			<xmin>86</xmin>
			<ymin>68</ymin>
			<xmax>249</xmax>
			<ymax>221</ymax>
		</bndbox>
	</object>
	<object>
		<name>fire</name>
		<pose>Unspecified</pose>
		<truncated>0</truncated>
		<difficult>0</difficult>
		<bndbox>
			<xmin>2</xmin>
			<ymin>176</ymin>
			<xmax>67</xmax>
			<ymax>249</ymax>
		</bndbox>
	</object>
</annotation>
