<annotation>
	<folder>JPEGImages</folder>
	<filename>0135.jpg</filename>
	<path>D:\学习\论文\火灾\VOCdevkit\JPEGImages\0135.jpg</path>
	<source>
		<database>Unknown</database>
	</source>
	<size>
		<width>499</width>
		<height>281</height>
		<depth>3</depth>
	</size>
	<segmented>0</segmented>
	<object>
		<name>fire</name>
		<pose>Unspecified</pose>
		<truncated>0</truncated>
		<difficult>0</difficult>
		<bndbox>
			<xmin>164</xmin>
			<ymin>159</ymin>
			<xmax>193</xmax>
			<ymax>187</ymax>
		</bndbox>
	</object>
	<object>
		<name>fire</name>
		<pose>Unspecified</pose>
		<truncated>0</truncated>
		<difficult>0</difficult>
		<bndbox>
			<xmin>236</xmin>
			<ymin>155</ymin>
			<xmax>477</xmax>
			<ymax>197</ymax>
		</bndbox>
	</object>
	<object>
		<name>fire</name>
		<pose>Unspecified</pose>
		<truncated>0</truncated>
		<difficult>0</difficult>
		<bndbox>
			<xmin>255</xmin>
			<ymin>104</ymin>
			<xmax>305</xmax>
			<ymax>156</ymax>
		</bndbox>
	</object>
</annotation>
