<annotation>
	<folder>grassland_fire</folder>
	<filename>19b8f9ee-c97b-44c0-b8cb-324b31e30704.jpg</filename>
	<path>F:\DataSets\hlw_fire_data\grassland_fire\19b8f9ee-c97b-44c0-b8cb-324b31e30704.jpg</path>
	<source>
		<database>Unknown</database>
	</source>
	<size>
		<width>325</width>
		<height>217</height>
		<depth>3</depth>
	</size>
	<segmented>0</segmented>
	<object>
		<name>fire</name>
		<pose>Unspecified</pose>
		<truncated>1</truncated>
		<difficult>0</difficult>
		<bndbox>
			<xmin>1</xmin>
			<ymin>118</ymin>
			<xmax>298</xmax>
			<ymax>161</ymax>
		</bndbox>
	</object>
</annotation>
