<annotation>
	<folder>JPEGImages</folder>
	<filename>0138.jpg</filename>
	<path>F:\01.dataset\Fire-Smoke-Dataset\JPEGImages\0138.jpg</path>
	<source>
		<database>Unknown</database>
	</source>
	<size>
		<width>1000</width>
		<height>535</height>
		<depth>3</depth>
	</size>
	<segmented>0</segmented>
	<object>
		<name>fire</name>
		<pose>Unspecified</pose>
		<truncated>0</truncated>
		<difficult>0</difficult>
		<bndbox>
			<xmin>723</xmin>
			<ymin>144</ymin>
			<xmax>960</xmax>
			<ymax>251</ymax>
		</bndbox>
	</object>
	<object>
		<name>fire</name>
		<pose>Unspecified</pose>
		<truncated>0</truncated>
		<difficult>0</difficult>
		<bndbox>
			<xmin>637</xmin>
			<ymin>140</ymin>
			<xmax>685</xmax>
			<ymax>224</ymax>
		</bndbox>
	</object>
</annotation>
