<annotation>
	<folder>building_fire</folder>
	<filename>1b798c3b-ad81-4c34-ae18-31240a6e894e.jpg</filename>
	<path>F:\DataSets\hlw_fire_data\building_fire\1b798c3b-ad81-4c34-ae18-31240a6e894e.jpg</path>
	<source>
		<database>Unknown</database>
	</source>
	<size>
		<width>1024</width>
		<height>682</height>
		<depth>3</depth>
	</size>
	<segmented>0</segmented>
	<object>
		<name>fire</name>
		<pose>Unspecified</pose>
		<truncated>0</truncated>
		<difficult>0</difficult>
		<bndbox>
			<xmin>291</xmin>
			<ymin>510</ymin>
			<xmax>506</xmax>
			<ymax>667</ymax>
		</bndbox>
	</object>
</annotation>
