<annotation>
	<folder>vehicle_fire</folder>
	<filename>1babad6a-7892-43d5-a283-37deab72aab4.jpg</filename>
	<path>F:\DataSets\hlw_fire_data\vehicle_fire\1babad6a-7892-43d5-a283-37deab72aab4.jpg</path>
	<source>
		<database>Unknown</database>
	</source>
	<size>
		<width>800</width>
		<height>600</height>
		<depth>3</depth>
	</size>
	<segmented>0</segmented>
	<object>
		<name>fire</name>
		<pose>Unspecified</pose>
		<truncated>0</truncated>
		<difficult>0</difficult>
		<bndbox>
			<xmin>345</xmin>
			<ymin>312</ymin>
			<xmax>399</xmax>
			<ymax>335</ymax>
		</bndbox>
	</object>
</annotation>
