<annotation>
	<folder>grassland_fire</folder>
	<filename>1c8349d1-9476-4591-87f8-52209721afc3.jpg</filename>
	<path>F:\DataSets\hlw_fire_data\grassland_fire\1c8349d1-9476-4591-87f8-52209721afc3.jpg</path>
	<source>
		<database>Unknown</database>
	</source>
	<size>
		<width>500</width>
		<height>333</height>
		<depth>3</depth>
	</size>
	<segmented>0</segmented>
	<object>
		<name>fire</name>
		<pose>Unspecified</pose>
		<truncated>0</truncated>
		<difficult>0</difficult>
		<bndbox>
			<xmin>62</xmin>
			<ymin>239</ymin>
			<xmax>294</xmax>
			<ymax>301</ymax>
		</bndbox>
	</object>
</annotation>
