<annotation>
	<folder>forest_fire</folder>
	<filename>1caa69fb-f2f3-4cae-a5ec-cf51c73dc970.jpg</filename>
	<path>F:\DataSets\hlw_fire_data\forest_fire\1caa69fb-f2f3-4cae-a5ec-cf51c73dc970.jpg</path>
	<source>
		<database>Unknown</database>
	</source>
	<size>
		<width>640</width>
		<height>362</height>
		<depth>3</depth>
	</size>
	<segmented>0</segmented>
	<object>
		<name>fire</name>
		<pose>Unspecified</pose>
		<truncated>0</truncated>
		<difficult>0</difficult>
		<bndbox>
			<xmin>210</xmin>
			<ymin>91</ymin>
			<xmax>309</xmax>
			<ymax>165</ymax>
		</bndbox>
	</object>
	<object>
		<name>fire</name>
		<pose>Unspecified</pose>
		<truncated>0</truncated>
		<difficult>0</difficult>
		<bndbox>
			<xmin>456</xmin>
			<ymin>38</ymin>
			<xmax>486</xmax>
			<ymax>93</ymax>
		</bndbox>
	</object>
	<object>
		<name>fire</name>
		<pose>Unspecified</pose>
		<truncated>0</truncated>
		<difficult>0</difficult>
		<bndbox>
			<xmin>560</xmin>
			<ymin>11</ymin>
			<xmax>631</xmax>
			<ymax>124</ymax>
		</bndbox>
	</object>
</annotation>
