<annotation>
	<folder>forest_fire</folder>
	<filename>1cdb178d-e867-404e-a2a3-fc5b7e0c814f.jpg</filename>
	<path>F:\DataSets\hlw_fire_data\forest_fire\1cdb178d-e867-404e-a2a3-fc5b7e0c814f.jpg</path>
	<source>
		<database>Unknown</database>
	</source>
	<size>
		<width>658</width>
		<height>439</height>
		<depth>3</depth>
	</size>
	<segmented>0</segmented>
	<object>
		<name>fire</name>
		<pose>Unspecified</pose>
		<truncated>0</truncated>
		<difficult>0</difficult>
		<bndbox>
			<xmin>2</xmin>
			<ymin>280</ymin>
			<xmax>85</xmax>
			<ymax>323</ymax>
		</bndbox>
	</object>
	<object>
		<name>fire</name>
		<pose>Unspecified</pose>
		<truncated>1</truncated>
		<difficult>0</difficult>
		<bndbox>
			<xmin>253</xmin>
			<ymin>310</ymin>
			<xmax>307</xmax>
			<ymax>439</ymax>
		</bndbox>
	</object>
	<object>
		<name>fire</name>
		<pose>Unspecified</pose>
		<truncated>0</truncated>
		<difficult>0</difficult>
		<bndbox>
			<xmin>462</xmin>
			<ymin>285</ymin>
			<xmax>518</xmax>
			<ymax>312</ymax>
		</bndbox>
	</object>
	<object>
		<name>fire</name>
		<pose>Unspecified</pose>
		<truncated>0</truncated>
		<difficult>0</difficult>
		<bndbox>
			<xmin>332</xmin>
			<ymin>295</ymin>
			<xmax>360</xmax>
			<ymax>319</ymax>
		</bndbox>
	</object>
</annotation>
