<annotation>
	<folder>forest_fire</folder>
	<filename>1cdeaf6c-0167-47d9-9190-ca728b543f40.jpg</filename>
	<path>F:\DataSets\hlw_fire_data\forest_fire\1cdeaf6c-0167-47d9-9190-ca728b543f40.jpg</path>
	<source>
		<database>Unknown</database>
	</source>
	<size>
		<width>450</width>
		<height>300</height>
		<depth>3</depth>
	</size>
	<segmented>0</segmented>
	<object>
		<name>fire</name>
		<pose>Unspecified</pose>
		<truncated>0</truncated>
		<difficult>0</difficult>
		<bndbox>
			<xmin>84</xmin>
			<ymin>95</ymin>
			<xmax>163</xmax>
			<ymax>137</ymax>
		</bndbox>
	</object>
	<object>
		<name>fire</name>
		<pose>Unspecified</pose>
		<truncated>0</truncated>
		<difficult>0</difficult>
		<bndbox>
			<xmin>305</xmin>
			<ymin>122</ymin>
			<xmax>446</xmax>
			<ymax>227</ymax>
		</bndbox>
	</object>
</annotation>
