<annotation>
	<folder>Fire images</folder>
	<filename>1d797f4e7f3a3ba45ac26472b19afa0e.jpg</filename>
	<path>F:\DataSets\hlw_fire_data\Fire images\1d797f4e7f3a3ba45ac26472b19afa0e.jpg</path>
	<source>
		<database>Unknown</database>
	</source>
	<size>
		<width>480</width>
		<height>360</height>
		<depth>3</depth>
	</size>
	<segmented>0</segmented>
	<object>
		<name>fire</name>
		<pose>Unspecified</pose>
		<truncated>0</truncated>
		<difficult>0</difficult>
		<bndbox>
			<xmin>296</xmin>
			<ymin>177</ymin>
			<xmax>373</xmax>
			<ymax>308</ymax>
		</bndbox>
	</object>
</annotation>
