<annotation>
	<folder>forest_fire</folder>
	<filename>1d7c97f2-39f6-43fa-bf94-ddb61e829b53.jpg</filename>
	<path>F:\DataSets\hlw_fire_data\forest_fire\1d7c97f2-39f6-43fa-bf94-ddb61e829b53.jpg</path>
	<source>
		<database>Unknown</database>
	</source>
	<size>
		<width>500</width>
		<height>753</height>
		<depth>3</depth>
	</size>
	<segmented>0</segmented>
	<object>
		<name>fire</name>
		<pose>Unspecified</pose>
		<truncated>1</truncated>
		<difficult>0</difficult>
		<bndbox>
			<xmin>1</xmin>
			<ymin>265</ymin>
			<xmax>500</xmax>
			<ymax>720</ymax>
		</bndbox>
	</object>
</annotation>
