<annotation>
	<folder>forest_fire</folder>
	<filename>1e162678-80b4-48c4-848e-1a175f3230e7.jpg</filename>
	<path>F:\DataSets\hlw_fire_data\forest_fire\1e162678-80b4-48c4-848e-1a175f3230e7.jpg</path>
	<source>
		<database>Unknown</database>
	</source>
	<size>
		<width>940</width>
		<height>625</height>
		<depth>3</depth>
	</size>
	<segmented>0</segmented>
	<object>
		<name>fire</name>
		<pose>Unspecified</pose>
		<truncated>0</truncated>
		<difficult>0</difficult>
		<bndbox>
			<xmin>93</xmin>
			<ymin>171</ymin>
			<xmax>158</xmax>
			<ymax>207</ymax>
		</bndbox>
	</object>
	<object>
		<name>fire</name>
		<pose>Unspecified</pose>
		<truncated>0</truncated>
		<difficult>0</difficult>
		<bndbox>
			<xmin>159</xmin>
			<ymin>207</ymin>
			<xmax>834</xmax>
			<ymax>594</ymax>
		</bndbox>
	</object>
	<object>
		<name>fire</name>
		<pose>Unspecified</pose>
		<truncated>1</truncated>
		<difficult>0</difficult>
		<bndbox>
			<xmin>881</xmin>
			<ymin>603</ymin>
			<xmax>934</xmax>
			<ymax>625</ymax>
		</bndbox>
	</object>
</annotation>
