<annotation>
	<folder>forest_fire</folder>
	<filename>1e61b317-a17b-4d6b-8e68-239b97bbbbd0.jpg</filename>
	<path>F:\DataSets\hlw_fire_data\forest_fire\1e61b317-a17b-4d6b-8e68-239b97bbbbd0.jpg</path>
	<source>
		<database>Unknown</database>
	</source>
	<size>
		<width>337</width>
		<height>270</height>
		<depth>3</depth>
	</size>
	<segmented>0</segmented>
	<object>
		<name>fire</name>
		<pose>Unspecified</pose>
		<truncated>0</truncated>
		<difficult>0</difficult>
		<bndbox>
			<xmin>126</xmin>
			<ymin>93</ymin>
			<xmax>141</xmax>
			<ymax>113</ymax>
		</bndbox>
	</object>
	<object>
		<name>fire</name>
		<pose>Unspecified</pose>
		<truncated>0</truncated>
		<difficult>0</difficult>
		<bndbox>
			<xmin>178</xmin>
			<ymin>132</ymin>
			<xmax>232</xmax>
			<ymax>235</ymax>
		</bndbox>
	</object>
	<object>
		<name>fire</name>
		<pose>Unspecified</pose>
		<truncated>1</truncated>
		<difficult>0</difficult>
		<bndbox>
			<xmin>213</xmin>
			<ymin>240</ymin>
			<xmax>234</xmax>
			<ymax>270</ymax>
		</bndbox>
	</object>
</annotation>
