<annotation>
	<folder>grassland_fire</folder>
	<filename>1e851b74-c436-43b7-b3b1-92ba96c0ff15.jpg</filename>
	<path>F:\DataSets\hlw_fire_data\grassland_fire\1e851b74-c436-43b7-b3b1-92ba96c0ff15.jpg</path>
	<source>
		<database>Unknown</database>
	</source>
	<size>
		<width>1000</width>
		<height>666</height>
		<depth>3</depth>
	</size>
	<segmented>0</segmented>
	<object>
		<name>fire</name>
		<pose>Unspecified</pose>
		<truncated>0</truncated>
		<difficult>0</difficult>
		<bndbox>
			<xmin>237</xmin>
			<ymin>195</ymin>
			<xmax>542</xmax>
			<ymax>520</ymax>
		</bndbox>
	</object>
	<object>
		<name>fire</name>
		<pose>Unspecified</pose>
		<truncated>1</truncated>
		<difficult>0</difficult>
		<bndbox>
			<xmin>589</xmin>
			<ymin>244</ymin>
			<xmax>1000</xmax>
			<ymax>588</ymax>
		</bndbox>
	</object>
</annotation>
