<annotation>
	<folder>building_fire</folder>
	<filename>1f2d1506-23c8-4432-adcd-776eb5afdeec.jpg</filename>
	<path>F:\DataSets\hlw_fire_data\building_fire\1f2d1506-23c8-4432-adcd-776eb5afdeec.jpg</path>
	<source>
		<database>Unknown</database>
	</source>
	<size>
		<width>454</width>
		<height>302</height>
		<depth>3</depth>
	</size>
	<segmented>0</segmented>
	<object>
		<name>fire</name>
		<pose>Unspecified</pose>
		<truncated>0</truncated>
		<difficult>0</difficult>
		<bndbox>
			<xmin>283</xmin>
			<ymin>83</ymin>
			<xmax>296</xmax>
			<ymax>115</ymax>
		</bndbox>
	</object>
	<object>
		<name>fire</name>
		<pose>Unspecified</pose>
		<truncated>0</truncated>
		<difficult>0</difficult>
		<bndbox>
			<xmin>281</xmin>
			<ymin>192</ymin>
			<xmax>291</xmax>
			<ymax>215</ymax>
		</bndbox>
	</object>
</annotation>
