<annotation>
	<folder>vehicle_fire</folder>
	<filename>1f456a16-7957-4ba4-bcb1-33f78c9c150a.jpg</filename>
	<path>F:\DataSets\hlw_fire_data\vehicle_fire\1f456a16-7957-4ba4-bcb1-33f78c9c150a.jpg</path>
	<source>
		<database>Unknown</database>
	</source>
	<size>
		<width>940</width>
		<height>653</height>
		<depth>3</depth>
	</size>
	<segmented>0</segmented>
	<object>
		<name>fire</name>
		<pose>Unspecified</pose>
		<truncated>0</truncated>
		<difficult>0</difficult>
		<bndbox>
			<xmin>119</xmin>
			<ymin>4</ymin>
			<xmax>447</xmax>
			<ymax>285</ymax>
		</bndbox>
	</object>
	<object>
		<name>fire</name>
		<pose>Unspecified</pose>
		<truncated>0</truncated>
		<difficult>0</difficult>
		<bndbox>
			<xmin>389</xmin>
			<ymin>320</ymin>
			<xmax>435</xmax>
			<ymax>374</ymax>
		</bndbox>
	</object>
</annotation>
