<annotation>
	<folder>JPEGImages</folder>
	<filename>0166.jpg</filename>
	<path>F:\01.dataset\Fire-Smoke-Dataset\JPEGImages\0166.jpg</path>
	<source>
		<database>Unknown</database>
	</source>
	<size>
		<width>960</width>
		<height>540</height>
		<depth>3</depth>
	</size>
	<segmented>0</segmented>
	<object>
		<name>fire</name>
		<pose>Unspecified</pose>
		<truncated>0</truncated>
		<difficult>0</difficult>
		<bndbox>
			<xmin>508</xmin>
			<ymin>215</ymin>
			<xmax>552</xmax>
			<ymax>249</ymax>
		</bndbox>
	</object>
	<object>
		<name>fire</name>
		<pose>Unspecified</pose>
		<truncated>0</truncated>
		<difficult>0</difficult>
		<bndbox>
			<xmin>271</xmin>
			<ymin>357</ymin>
			<xmax>371</xmax>
			<ymax>454</ymax>
		</bndbox>
	</object>
</annotation>
