<annotation>
	<folder>JPEGImages</folder>
	<filename>0167.jpg</filename>
	<path>F:\01.dataset\Fire-Smoke-Dataset\JPEGImages\0167.jpg</path>
	<source>
		<database>Unknown</database>
	</source>
	<size>
		<width>960</width>
		<height>540</height>
		<depth>3</depth>
	</size>
	<segmented>0</segmented>
	<object>
		<name>fire</name>
		<pose>Unspecified</pose>
		<truncated>0</truncated>
		<difficult>0</difficult>
		<bndbox>
			<xmin>172</xmin>
			<ymin>383</ymin>
			<xmax>384</xmax>
			<ymax>448</ymax>
		</bndbox>
	</object>
	<object>
		<name>fire</name>
		<pose>Unspecified</pose>
		<truncated>0</truncated>
		<difficult>0</difficult>
		<bndbox>
			<xmin>777</xmin>
			<ymin>245</ymin>
			<xmax>816</xmax>
			<ymax>285</ymax>
		</bndbox>
	</object>
</annotation>
