<annotation>
	<folder>JPEGImages</folder>
	<filename>0168.jpg</filename>
	<path>F:\01.dataset\Fire-Smoke-Dataset\JPEGImages\0168.jpg</path>
	<source>
		<database>Unknown</database>
	</source>
	<size>
		<width>960</width>
		<height>540</height>
		<depth>3</depth>
	</size>
	<segmented>0</segmented>
	<object>
		<name>fire</name>
		<pose>Unspecified</pose>
		<truncated>0</truncated>
		<difficult>0</difficult>
		<bndbox>
			<xmin>120</xmin>
			<ymin>419</ymin>
			<xmax>336</xmax>
			<ymax>497</ymax>
		</bndbox>
	</object>
	<object>
		<name>fire</name>
		<pose>Unspecified</pose>
		<truncated>0</truncated>
		<difficult>0</difficult>
		<bndbox>
			<xmin>730</xmin>
			<ymin>272</ymin>
			<xmax>767</xmax>
			<ymax>308</ymax>
		</bndbox>
	</object>
</annotation>
