<annotation>
	<folder>JPEGImages</folder>
	<filename>0170.jpg</filename>
	<path>F:\01.dataset\Fire-Smoke-Dataset\JPEGImages\0170.jpg</path>
	<source>
		<database>Unknown</database>
	</source>
	<size>
		<width>960</width>
		<height>540</height>
		<depth>3</depth>
	</size>
	<segmented>0</segmented>
	<object>
		<name>fire</name>
		<pose>Unspecified</pose>
		<truncated>0</truncated>
		<difficult>0</difficult>
		<bndbox>
			<xmin>771</xmin>
			<ymin>250</ymin>
			<xmax>800</xmax>
			<ymax>299</ymax>
		</bndbox>
	</object>
	<object>
		<name>fire</name>
		<pose>Unspecified</pose>
		<truncated>0</truncated>
		<difficult>0</difficult>
		<bndbox>
			<xmin>368</xmin>
			<ymin>356</ymin>
			<xmax>459</xmax>
			<ymax>392</ymax>
		</bndbox>
	</object>
</annotation>
