<annotation>
	<folder>JPEGImages</folder>
	<filename>0171.jpg</filename>
	<path>F:\01.dataset\Fire-Smoke-Dataset\JPEGImages\0171.jpg</path>
	<source>
		<database>Unknown</database>
	</source>
	<size>
		<width>960</width>
		<height>540</height>
		<depth>3</depth>
	</size>
	<segmented>0</segmented>
	<object>
		<name>fire</name>
		<pose>Unspecified</pose>
		<truncated>0</truncated>
		<difficult>0</difficult>
		<bndbox>
			<xmin>638</xmin>
			<ymin>389</ymin>
			<xmax>656</xmax>
			<ymax>407</ymax>
		</bndbox>
	</object>
	<object>
		<name>fire</name>
		<pose>Unspecified</pose>
		<truncated>0</truncated>
		<difficult>0</difficult>
		<bndbox>
			<xmin>444</xmin>
			<ymin>418</ymin>
			<xmax>491</xmax>
			<ymax>430</ymax>
		</bndbox>
	</object>
</annotation>
