<annotation>
	<folder>JPEGImages</folder>
	<filename>0172.jpg</filename>
	<path>F:\01.dataset\Fire-Smoke-Dataset\JPEGImages\0172.jpg</path>
	<source>
		<database>Unknown</database>
	</source>
	<size>
		<width>852</width>
		<height>480</height>
		<depth>3</depth>
	</size>
	<segmented>0</segmented>
	<object>
		<name>fire</name>
		<pose>Unspecified</pose>
		<truncated>0</truncated>
		<difficult>0</difficult>
		<bndbox>
			<xmin>271</xmin>
			<ymin>105</ymin>
			<xmax>700</xmax>
			<ymax>235</ymax>
		</bndbox>
	</object>
	<object>
		<name>fire</name>
		<pose>Unspecified</pose>
		<truncated>1</truncated>
		<difficult>0</difficult>
		<bndbox>
			<xmin>1</xmin>
			<ymin>96</ymin>
			<xmax>230</xmax>
			<ymax>255</ymax>
		</bndbox>
	</object>
</annotation>
