<annotation>
	<folder>1</folder>
	<filename>1_18.jpg</filename>
	<path>E:\zhul\Data\fireData\1\1_18.jpg</path>
	<source>
		<database>Unknown</database>
	</source>
	<size>
		<width>400</width>
		<height>324</height>
		<depth>3</depth>
	</size>
	<segmented>0</segmented>
	<object>
		<name>fire</name>
		<pose>Unspecified</pose>
		<truncated>0</truncated>
		<difficult>0</difficult>
		<bndbox>
			<xmin>35</xmin>
			<ymin>6</ymin>
			<xmax>383</xmax>
			<ymax>316</ymax>
		</bndbox>
	</object>
</annotation>
