<annotation>
	<folder>JPEGImages</folder>
	<filename>0174.jpg</filename>
	<path>F:\01.dataset\Fire-Smoke-Dataset\JPEGImages\0174.jpg</path>
	<source>
		<database>Unknown</database>
	</source>
	<size>
		<width>598</width>
		<height>405</height>
		<depth>3</depth>
	</size>
	<segmented>0</segmented>
	<object>
		<name>fire</name>
		<pose>Unspecified</pose>
		<truncated>1</truncated>
		<difficult>0</difficult>
		<bndbox>
			<xmin>128</xmin>
			<ymin>1</ymin>
			<xmax>236</xmax>
			<ymax>264</ymax>
		</bndbox>
	</object>
	<object>
		<name>fire</name>
		<pose>Unspecified</pose>
		<truncated>0</truncated>
		<difficult>0</difficult>
		<bndbox>
			<xmin>182</xmin>
			<ymin>320</ymin>
			<xmax>446</xmax>
			<ymax>387</ymax>
		</bndbox>
	</object>
	<object>
		<name>fire</name>
		<pose>Unspecified</pose>
		<truncated>0</truncated>
		<difficult>0</difficult>
		<bndbox>
			<xmin>357</xmin>
			<ymin>120</ymin>
			<xmax>418</xmax>
			<ymax>230</ymax>
		</bndbox>
	</object>
</annotation>
