<annotation>
	<folder>JPEGImages</folder>
	<filename>0175.jpg</filename>
	<path>F:\01.dataset\Fire-Smoke-Dataset\JPEGImages\0175.jpg</path>
	<source>
		<database>Unknown</database>
	</source>
	<size>
		<width>960</width>
		<height>540</height>
		<depth>3</depth>
	</size>
	<segmented>0</segmented>
	<object>
		<name>fire</name>
		<pose>Unspecified</pose>
		<truncated>0</truncated>
		<difficult>0</difficult>
		<bndbox>
			<xmin>440</xmin>
			<ymin>184</ymin>
			<xmax>489</xmax>
			<ymax>253</ymax>
		</bndbox>
	</object>
</annotation>
