<annotation>
	<folder>JPEGImages</folder>
	<filename>0176.jpg</filename>
	<path>F:\01.dataset\Fire-Smoke-Dataset\JPEGImages\0176.jpg</path>
	<source>
		<database>Unknown</database>
	</source>
	<size>
		<width>550</width>
		<height>417</height>
		<depth>3</depth>
	</size>
	<segmented>0</segmented>
	<object>
		<name>fire</name>
		<pose>Unspecified</pose>
		<truncated>0</truncated>
		<difficult>0</difficult>
		<bndbox>
			<xmin>91</xmin>
			<ymin>181</ymin>
			<xmax>136</xmax>
			<ymax>248</ymax>
		</bndbox>
	</object>
	<object>
		<name>fire</name>
		<pose>Unspecified</pose>
		<truncated>0</truncated>
		<difficult>0</difficult>
		<bndbox>
			<xmin>167</xmin>
			<ymin>190</ymin>
			<xmax>212</xmax>
			<ymax>284</ymax>
		</bndbox>
	</object>
</annotation>
