<annotation>
	<folder>1</folder>
	<filename>1_24.jpg</filename>
	<path>E:\zhul\Data\fireData\1\1_24.jpg</path>
	<source>
		<database>Unknown</database>
	</source>
	<size>
		<width>370</width>
		<height>204</height>
		<depth>3</depth>
	</size>
	<segmented>0</segmented>
	<object>
		<name>fire</name>
		<pose>Unspecified</pose>
		<truncated>0</truncated>
		<difficult>0</difficult>
		<bndbox>
			<xmin>76</xmin>
			<ymin>64</ymin>
			<xmax>368</xmax>
			<ymax>196</ymax>
		</bndbox>
	</object>
</annotation>
