<annotation>
	<folder>JPEGImages</folder>
	<filename>0183.jpg</filename>
	<path>F:\01.dataset\Fire-Smoke-Dataset\JPEGImages\0183.jpg</path>
	<source>
		<database>Unknown</database>
	</source>
	<size>
		<width>600</width>
		<height>400</height>
		<depth>3</depth>
	</size>
	<segmented>0</segmented>
	<object>
		<name>fire</name>
		<pose>Unspecified</pose>
		<truncated>0</truncated>
		<difficult>0</difficult>
		<bndbox>
			<xmin>89</xmin>
			<ymin>106</ymin>
			<xmax>567</xmax>
			<ymax>386</ymax>
		</bndbox>
	</object>
</annotation>
