<annotation>
	<folder>JPEGImages</folder>
	<filename>0184.jpg</filename>
	<path>F:\01.dataset\Fire-Smoke-Dataset\JPEGImages\0184.jpg</path>
	<source>
		<database>Unknown</database>
	</source>
	<size>
		<width>595</width>
		<height>335</height>
		<depth>3</depth>
	</size>
	<segmented>0</segmented>
	<object>
		<name>fire</name>
		<pose>Unspecified</pose>
		<truncated>0</truncated>
		<difficult>0</difficult>
		<bndbox>
			<xmin>219</xmin>
			<ymin>2</ymin>
			<xmax>424</xmax>
			<ymax>251</ymax>
		</bndbox>
	</object>
	<object>
		<name>fire</name>
		<pose>Unspecified</pose>
		<truncated>0</truncated>
		<difficult>0</difficult>
		<bndbox>
			<xmin>113</xmin>
			<ymin>188</ymin>
			<xmax>176</xmax>
			<ymax>316</ymax>
		</bndbox>
	</object>
</annotation>
