<annotation>
	<folder>JPEGImages</folder>
	<filename>0185.jpg</filename>
	<path>F:\01.dataset\Fire-Smoke-Dataset\JPEGImages\0185.jpg</path>
	<source>
		<database>Unknown</database>
	</source>
	<size>
		<width>480</width>
		<height>360</height>
		<depth>3</depth>
	</size>
	<segmented>0</segmented>
	<object>
		<name>fire</name>
		<pose>Unspecified</pose>
		<truncated>1</truncated>
		<difficult>0</difficult>
		<bndbox>
			<xmin>1</xmin>
			<ymin>1</ymin>
			<xmax>296</xmax>
			<ymax>259</ymax>
		</bndbox>
	</object>
</annotation>
