<annotation>
	<folder>JPEGImages</folder>
	<filename>0187.jpg</filename>
	<path>F:\01.dataset\Fire-Smoke-Dataset\JPEGImages\0187.jpg</path>
	<source>
		<database>Unknown</database>
	</source>
	<size>
		<width>634</width>
		<height>391</height>
		<depth>3</depth>
	</size>
	<segmented>0</segmented>
	<object>
		<name>fire</name>
		<pose>Unspecified</pose>
		<truncated>1</truncated>
		<difficult>0</difficult>
		<bndbox>
			<xmin>87</xmin>
			<ymin>1</ymin>
			<xmax>633</xmax>
			<ymax>286</ymax>
		</bndbox>
	</object>
</annotation>
