<annotation>
	<folder>JPEGImages</folder>
	<filename>0188.jpg</filename>
	<path>F:\01.dataset\Fire-Smoke-Dataset\JPEGImages\0188.jpg</path>
	<source>
		<database>Unknown</database>
	</source>
	<size>
		<width>634</width>
		<height>336</height>
		<depth>3</depth>
	</size>
	<segmented>0</segmented>
	<object>
		<name>fire</name>
		<pose>Unspecified</pose>
		<truncated>0</truncated>
		<difficult>0</difficult>
		<bndbox>
			<xmin>363</xmin>
			<ymin>49</ymin>
			<xmax>575</xmax>
			<ymax>164</ymax>
		</bndbox>
	</object>
</annotation>
