<annotation>
	<folder>JPEGImages</folder>
	<filename>0191.jpg</filename>
	<path>F:\01.dataset\Fire-Smoke-Dataset\JPEGImages\0191.jpg</path>
	<source>
		<database>Unknown</database>
	</source>
	<size>
		<width>480</width>
		<height>360</height>
		<depth>3</depth>
	</size>
	<segmented>0</segmented>
	<object>
		<name>fire</name>
		<pose>Unspecified</pose>
		<truncated>0</truncated>
		<difficult>0</difficult>
		<bndbox>
			<xmin>55</xmin>
			<ymin>87</ymin>
			<xmax>205</xmax>
			<ymax>262</ymax>
		</bndbox>
	</object>
</annotation>
