<annotation>
	<folder>1</folder>
	<filename>1_35.jpg</filename>
	<path>E:\zhul\Data\fireData\1\1_35.jpg</path>
	<source>
		<database>Unknown</database>
	</source>
	<size>
		<width>640</width>
		<height>427</height>
		<depth>3</depth>
	</size>
	<segmented>0</segmented>
	<object>
		<name>fire</name>
		<pose>Unspecified</pose>
		<truncated>0</truncated>
		<difficult>0</difficult>
		<bndbox>
			<xmin>92</xmin>
			<ymin>62</ymin>
			<xmax>514</xmax>
			<ymax>361</ymax>
		</bndbox>
	</object>
</annotation>
