<annotation>
	<folder>JPEGImages</folder>
	<filename>0193.jpg</filename>
	<path>F:\01.dataset\Fire-Smoke-Dataset\JPEGImages\0193.jpg</path>
	<source>
		<database>Unknown</database>
	</source>
	<size>
		<width>1000</width>
		<height>932</height>
		<depth>3</depth>
	</size>
	<segmented>0</segmented>
	<object>
		<name>fire</name>
		<pose>Unspecified</pose>
		<truncated>0</truncated>
		<difficult>0</difficult>
		<bndbox>
			<xmin>310</xmin>
			<ymin>4</ymin>
			<xmax>871</xmax>
			<ymax>896</ymax>
		</bndbox>
	</object>
</annotation>
