<annotation>
	<folder>JPEGImages</folder>
	<filename>0194.jpg</filename>
	<path>F:\01.dataset\Fire-Smoke-Dataset\JPEGImages\0194.jpg</path>
	<source>
		<database>Unknown</database>
	</source>
	<size>
		<width>640</width>
		<height>360</height>
		<depth>3</depth>
	</size>
	<segmented>0</segmented>
	<object>
		<name>fire</name>
		<pose>Unspecified</pose>
		<truncated>0</truncated>
		<difficult>0</difficult>
		<bndbox>
			<xmin>343</xmin>
			<ymin>68</ymin>
			<xmax>540</xmax>
			<ymax>342</ymax>
		</bndbox>
	</object>
	<object>
		<name>fire</name>
		<pose>Unspecified</pose>
		<truncated>0</truncated>
		<difficult>0</difficult>
		<bndbox>
			<xmin>111</xmin>
			<ymin>176</ymin>
			<xmax>305</xmax>
			<ymax>262</ymax>
		</bndbox>
	</object>
</annotation>
