<annotation>
	<folder>JPEGImages</folder>
	<filename>0196.jpg</filename>
	<path>F:\01.dataset\Fire-Smoke-Dataset\JPEGImages\0196.jpg</path>
	<source>
		<database>Unknown</database>
	</source>
	<size>
		<width>314</width>
		<height>228</height>
		<depth>3</depth>
	</size>
	<segmented>0</segmented>
	<object>
		<name>fire</name>
		<pose>Unspecified</pose>
		<truncated>1</truncated>
		<difficult>0</difficult>
		<bndbox>
			<xmin>58</xmin>
			<ymin>132</ymin>
			<xmax>162</xmax>
			<ymax>228</ymax>
		</bndbox>
	</object>
</annotation>
