<annotation>
	<folder>JPEGImages</folder>
	<filename>0198.jpg</filename>
	<path>F:\01.dataset\Fire-Smoke-Dataset\JPEGImages\0198.jpg</path>
	<source>
		<database>Unknown</database>
	</source>
	<size>
		<width>1280</width>
		<height>960</height>
		<depth>3</depth>
	</size>
	<segmented>0</segmented>
	<object>
		<name>fire</name>
		<pose>Unspecified</pose>
		<truncated>1</truncated>
		<difficult>0</difficult>
		<bndbox>
			<xmin>1</xmin>
			<ymin>81</ymin>
			<xmax>679</xmax>
			<ymax>955</ymax>
		</bndbox>
	</object>
</annotation>
