<annotation>
	<folder>1</folder>
	<filename>1_41.jpg</filename>
	<path>F:\Data\fireData\1\1_41.jpg</path>
	<source>
		<database>Unknown</database>
	</source>
	<size>
		<width>2048</width>
		<height>1536</height>
		<depth>3</depth>
	</size>
	<segmented>0</segmented>
	<object>
		<name>fire</name>
		<pose>Unspecified</pose>
		<truncated>0</truncated>
		<difficult>0</difficult>
		<bndbox>
			<xmin>490</xmin>
			<ymin>156</ymin>
			<xmax>1616</xmax>
			<ymax>1223</ymax>
		</bndbox>
	</object>
</annotation>
