<annotation>
	<folder>JPEGImages</folder>
	<filename>0200.jpg</filename>
	<path>F:\01.dataset\Fire-Smoke-Dataset\JPEGImages\0200.jpg</path>
	<source>
		<database>Unknown</database>
	</source>
	<size>
		<width>900</width>
		<height>600</height>
		<depth>3</depth>
	</size>
	<segmented>0</segmented>
	<object>
		<name>fire</name>
		<pose>Unspecified</pose>
		<truncated>0</truncated>
		<difficult>0</difficult>
		<bndbox>
			<xmin>482</xmin>
			<ymin>251</ymin>
			<xmax>593</xmax>
			<ymax>413</ymax>
		</bndbox>
	</object>
</annotation>
