<annotation>
	<folder>JPEGImages</folder>
	<filename>0201.jpg</filename>
	<path>F:\01.dataset\Fire-Smoke-Dataset\JPEGImages\0201.jpg</path>
	<source>
		<database>Unknown</database>
	</source>
	<size>
		<width>369</width>
		<height>461</height>
		<depth>3</depth>
	</size>
	<segmented>0</segmented>
	<object>
		<name>fire</name>
		<pose>Unspecified</pose>
		<truncated>0</truncated>
		<difficult>0</difficult>
		<bndbox>
			<xmin>56</xmin>
			<ymin>154</ymin>
			<xmax>182</xmax>
			<ymax>318</ymax>
		</bndbox>
	</object>
</annotation>
