<annotation>
	<folder>JPEGImages</folder>
	<filename>0203.jpg</filename>
	<path>F:\01.dataset\Fire-Smoke-Dataset\JPEGImages\0203.jpg</path>
	<source>
		<database>Unknown</database>
	</source>
	<size>
		<width>580</width>
		<height>326</height>
		<depth>3</depth>
	</size>
	<segmented>0</segmented>
	<object>
		<name>fire</name>
		<pose>Unspecified</pose>
		<truncated>0</truncated>
		<difficult>0</difficult>
		<bndbox>
			<xmin>199</xmin>
			<ymin>74</ymin>
			<xmax>497</xmax>
			<ymax>274</ymax>
		</bndbox>
	</object>
	<object>
		<name>fire</name>
		<pose>Unspecified</pose>
		<truncated>0</truncated>
		<difficult>0</difficult>
		<bndbox>
			<xmin>15</xmin>
			<ymin>96</ymin>
			<xmax>111</xmax>
			<ymax>193</ymax>
		</bndbox>
	</object>
</annotation>
