<annotation>
	<folder>JPEGImages</folder>
	<filename>0204.jpg</filename>
	<path>F:\01.dataset\Fire-Smoke-Dataset\JPEGImages\0204.jpg</path>
	<source>
		<database>Unknown</database>
	</source>
	<size>
		<width>634</width>
		<height>422</height>
		<depth>3</depth>
	</size>
	<segmented>0</segmented>
	<object>
		<name>fire</name>
		<pose>Unspecified</pose>
		<truncated>0</truncated>
		<difficult>0</difficult>
		<bndbox>
			<xmin>330</xmin>
			<ymin>66</ymin>
			<xmax>584</xmax>
			<ymax>342</ymax>
		</bndbox>
	</object>
	<object>
		<name>fire</name>
		<pose>Unspecified</pose>
		<truncated>0</truncated>
		<difficult>0</difficult>
		<bndbox>
			<xmin>104</xmin>
			<ymin>132</ymin>
			<xmax>181</xmax>
			<ymax>236</ymax>
		</bndbox>
	</object>
	<object>
		<name>fire</name>
		<pose>Unspecified</pose>
		<truncated>0</truncated>
		<difficult>0</difficult>
		<bndbox>
			<xmin>194</xmin>
			<ymin>135</ymin>
			<xmax>278</xmax>
			<ymax>242</ymax>
		</bndbox>
	</object>
</annotation>
