<annotation>
	<folder>JPEGImages</folder>
	<filename>0211.jpg</filename>
	<path>F:\01.dataset\Fire-Smoke-Dataset\JPEGImages\0211.jpg</path>
	<source>
		<database>Unknown</database>
	</source>
	<size>
		<width>1024</width>
		<height>553</height>
		<depth>3</depth>
	</size>
	<segmented>0</segmented>
	<object>
		<name>fire</name>
		<pose>Unspecified</pose>
		<truncated>0</truncated>
		<difficult>0</difficult>
		<bndbox>
			<xmin>510</xmin>
			<ymin>191</ymin>
			<xmax>755</xmax>
			<ymax>357</ymax>
		</bndbox>
	</object>
	<object>
		<name>fire</name>
		<pose>Unspecified</pose>
		<truncated>0</truncated>
		<difficult>0</difficult>
		<bndbox>
			<xmin>51</xmin>
			<ymin>199</ymin>
			<xmax>150</xmax>
			<ymax>363</ymax>
		</bndbox>
	</object>
	<object>
		<name>fire</name>
		<pose>Unspecified</pose>
		<truncated>0</truncated>
		<difficult>0</difficult>
		<bndbox>
			<xmin>230</xmin>
			<ymin>204</ymin>
			<xmax>382</xmax>
			<ymax>370</ymax>
		</bndbox>
	</object>
	<object>
		<name>fire</name>
		<pose>Unspecified</pose>
		<truncated>0</truncated>
		<difficult>0</difficult>
		<bndbox>
			<xmin>397</xmin>
			<ymin>229</ymin>
			<xmax>497</xmax>
			<ymax>370</ymax>
		</bndbox>
	</object>
</annotation>
