<annotation>
	<folder>JPEGImages</folder>
	<filename>0212.jpg</filename>
	<path>F:\01.dataset\Fire-Smoke-Dataset\JPEGImages\0212.jpg</path>
	<source>
		<database>Unknown</database>
	</source>
	<size>
		<width>1600</width>
		<height>1200</height>
		<depth>3</depth>
	</size>
	<segmented>0</segmented>
	<object>
		<name>fire</name>
		<pose>Unspecified</pose>
		<truncated>0</truncated>
		<difficult>0</difficult>
		<bndbox>
			<xmin>598</xmin>
			<ymin>44</ymin>
			<xmax>1586</xmax>
			<ymax>1043</ymax>
		</bndbox>
	</object>
	<object>
		<name>fire</name>
		<pose>Unspecified</pose>
		<truncated>1</truncated>
		<difficult>0</difficult>
		<bndbox>
			<xmin>1</xmin>
			<ymin>430</ymin>
			<xmax>581</xmax>
			<ymax>1059</ymax>
		</bndbox>
	</object>
</annotation>
