<annotation>
	<folder>JPEGImages</folder>
	<filename>0213.jpg</filename>
	<path>F:\01.dataset\Fire-Smoke-Dataset\JPEGImages\0213.jpg</path>
	<source>
		<database>Unknown</database>
	</source>
	<size>
		<width>400</width>
		<height>267</height>
		<depth>3</depth>
	</size>
	<segmented>0</segmented>
	<object>
		<name>fire</name>
		<pose>Unspecified</pose>
		<truncated>0</truncated>
		<difficult>0</difficult>
		<bndbox>
			<xmin>148</xmin>
			<ymin>3</ymin>
			<xmax>365</xmax>
			<ymax>229</ymax>
		</bndbox>
	</object>
</annotation>
