<annotation>
	<folder>JPEGImages</folder>
	<filename>0214.jpg</filename>
	<path>F:\01.dataset\Fire-Smoke-Dataset\JPEGImages\0214.jpg</path>
	<source>
		<database>Unknown</database>
	</source>
	<size>
		<width>1920</width>
		<height>1280</height>
		<depth>3</depth>
	</size>
	<segmented>0</segmented>
	<object>
		<name>fire</name>
		<pose>Unspecified</pose>
		<truncated>0</truncated>
		<difficult>0</difficult>
		<bndbox>
			<xmin>1302</xmin>
			<ymin>331</ymin>
			<xmax>1721</xmax>
			<ymax>748</ymax>
		</bndbox>
	</object>
	<object>
		<name>fire</name>
		<pose>Unspecified</pose>
		<truncated>0</truncated>
		<difficult>0</difficult>
		<bndbox>
			<xmin>805</xmin>
			<ymin>136</ymin>
			<xmax>1045</xmax>
			<ymax>496</ymax>
		</bndbox>
	</object>
	<object>
		<name>fire</name>
		<pose>Unspecified</pose>
		<truncated>0</truncated>
		<difficult>0</difficult>
		<bndbox>
			<xmin>347</xmin>
			<ymin>301</ymin>
			<xmax>800</xmax>
			<ymax>830</ymax>
		</bndbox>
	</object>
	<object>
		<name>fire</name>
		<pose>Unspecified</pose>
		<truncated>0</truncated>
		<difficult>0</difficult>
		<bndbox>
			<xmin>178</xmin>
			<ymin>341</ymin>
			<xmax>305</xmax>
			<ymax>506</ymax>
		</bndbox>
	</object>
</annotation>
