<annotation>
	<folder>JPEGImages</folder>
	<filename>0215.jpg</filename>
	<path>F:\01.dataset\Fire-Smoke-Dataset\JPEGImages\0215.jpg</path>
	<source>
		<database>Unknown</database>
	</source>
	<size>
		<width>1280</width>
		<height>960</height>
		<depth>3</depth>
	</size>
	<segmented>0</segmented>
	<object>
		<name>fire</name>
		<pose>Unspecified</pose>
		<truncated>0</truncated>
		<difficult>0</difficult>
		<bndbox>
			<xmin>499</xmin>
			<ymin>257</ymin>
			<xmax>1063</xmax>
			<ymax>539</ymax>
		</bndbox>
	</object>
</annotation>
