<annotation>
	<folder>JPEGImages</folder>
	<filename>0218.jpg</filename>
	<path>F:\01.dataset\Fire-Smoke-Dataset\JPEGImages\0218.jpg</path>
	<source>
		<database>Unknown</database>
	</source>
	<size>
		<width>300</width>
		<height>214</height>
		<depth>3</depth>
	</size>
	<segmented>0</segmented>
	<object>
		<name>fire</name>
		<pose>Unspecified</pose>
		<truncated>0</truncated>
		<difficult>0</difficult>
		<bndbox>
			<xmin>119</xmin>
			<ymin>27</ymin>
			<xmax>213</xmax>
			<ymax>125</ymax>
		</bndbox>
	</object>
</annotation>
