<annotation>
	<folder>JPEGImages</folder>
	<filename>0220.jpg</filename>
	<path>F:\01.dataset\Fire-Smoke-Dataset\JPEGImages\0220.jpg</path>
	<source>
		<database>Unknown</database>
	</source>
	<size>
		<width>2048</width>
		<height>1536</height>
		<depth>3</depth>
	</size>
	<segmented>0</segmented>
	<object>
		<name>fire</name>
		<pose>Unspecified</pose>
		<truncated>0</truncated>
		<difficult>0</difficult>
		<bndbox>
			<xmin>12</xmin>
			<ymin>323</ymin>
			<xmax>639</xmax>
			<ymax>894</ymax>
		</bndbox>
	</object>
</annotation>
