<annotation>
	<folder>JPEGImages</folder>
	<filename>0227.jpg</filename>
	<path>F:\01.dataset\Fire-Smoke-Dataset\JPEGImages\0227.jpg</path>
	<source>
		<database>Unknown</database>
	</source>
	<size>
		<width>2000</width>
		<height>1340</height>
		<depth>3</depth>
	</size>
	<segmented>0</segmented>
	<object>
		<name>fire</name>
		<pose>Unspecified</pose>
		<truncated>0</truncated>
		<difficult>0</difficult>
		<bndbox>
			<xmin>1240</xmin>
			<ymin>438</ymin>
			<xmax>1780</xmax>
			<ymax>795</ymax>
		</bndbox>
	</object>
	<object>
		<name>fire</name>
		<pose>Unspecified</pose>
		<truncated>0</truncated>
		<difficult>0</difficult>
		<bndbox>
			<xmin>1796</xmin>
			<ymin>795</ymin>
			<xmax>1895</xmax>
			<ymax>893</ymax>
		</bndbox>
	</object>
</annotation>
