<annotation>
	<folder>JPEGImages</folder>
	<filename>0229.jpg</filename>
	<path>F:\01.dataset\Fire-Smoke-Dataset\JPEGImages\0229.jpg</path>
	<source>
		<database>Unknown</database>
	</source>
	<size>
		<width>720</width>
		<height>565</height>
		<depth>3</depth>
	</size>
	<segmented>0</segmented>
	<object>
		<name>fire</name>
		<pose>Unspecified</pose>
		<truncated>1</truncated>
		<difficult>0</difficult>
		<bndbox>
			<xmin>1</xmin>
			<ymin>384</ymin>
			<xmax>25</xmax>
			<ymax>429</ymax>
		</bndbox>
	</object>
	<object>
		<name>fire</name>
		<pose>Unspecified</pose>
		<truncated>0</truncated>
		<difficult>0</difficult>
		<bndbox>
			<xmin>243</xmin>
			<ymin>242</ymin>
			<xmax>487</xmax>
			<ymax>374</ymax>
		</bndbox>
	</object>
	<object>
		<name>fire</name>
		<pose>Unspecified</pose>
		<truncated>0</truncated>
		<difficult>0</difficult>
		<bndbox>
			<xmin>73</xmin>
			<ymin>335</ymin>
			<xmax>125</xmax>
			<ymax>407</ymax>
		</bndbox>
	</object>
</annotation>
