<annotation>
	<folder>1</folder>
	<filename>1_72.jpg</filename>
	<path>F:\Data\fireData\1\1_72.jpg</path>
	<source>
		<database>Unknown</database>
	</source>
	<size>
		<width>1247</width>
		<height>808</height>
		<depth>3</depth>
	</size>
	<segmented>0</segmented>
	<object>
		<name>fire</name>
		<pose>Unspecified</pose>
		<truncated>0</truncated>
		<difficult>0</difficult>
		<bndbox>
			<xmin>25</xmin>
			<ymin>15</ymin>
			<xmax>1230</xmax>
			<ymax>767</ymax>
		</bndbox>
	</object>
</annotation>
