<annotation>
	<folder>JPEGImages</folder>
	<filename>0241.jpg</filename>
	<path>F:\01.dataset\Fire-Smoke-Dataset\JPEGImages\0241.jpg</path>
	<source>
		<database>Unknown</database>
	</source>
	<size>
		<width>960</width>
		<height>540</height>
		<depth>3</depth>
	</size>
	<segmented>0</segmented>
	<object>
		<name>fire</name>
		<pose>Unspecified</pose>
		<truncated>0</truncated>
		<difficult>0</difficult>
		<bndbox>
			<xmin>421</xmin>
			<ymin>170</ymin>
			<xmax>487</xmax>
			<ymax>248</ymax>
		</bndbox>
	</object>
</annotation>
