<annotation>
	<folder>JPEGImages</folder>
	<filename>0247.jpg</filename>
	<path>F:\01.dataset\Fire-Smoke-Dataset\JPEGImages\0247.jpg</path>
	<source>
		<database>Unknown</database>
	</source>
	<size>
		<width>300</width>
		<height>240</height>
		<depth>3</depth>
	</size>
	<segmented>0</segmented>
	<object>
		<name>fire</name>
		<pose>Unspecified</pose>
		<truncated>0</truncated>
		<difficult>0</difficult>
		<bndbox>
			<xmin>6</xmin>
			<ymin>4</ymin>
			<xmax>277</xmax>
			<ymax>152</ymax>
		</bndbox>
	</object>
</annotation>
