<annotation>
	<folder>JPEGImages</folder>
	<filename>0249.jpg</filename>
	<path>F:\01.dataset\Fire-Smoke-Dataset\JPEGImages\0249.jpg</path>
	<source>
		<database>Unknown</database>
	</source>
	<size>
		<width>3872</width>
		<height>2592</height>
		<depth>3</depth>
	</size>
	<segmented>0</segmented>
	<object>
		<name>fire</name>
		<pose>Unspecified</pose>
		<truncated>0</truncated>
		<difficult>0</difficult>
		<bndbox>
			<xmin>17</xmin>
			<ymin>13</ymin>
			<xmax>3859</xmax>
			<ymax>2303</ymax>
		</bndbox>
	</object>
	<object>
		<name>fire</name>
		<pose>Unspecified</pose>
		<truncated>0</truncated>
		<difficult>0</difficult>
		<bndbox>
			<xmin>3539</xmin>
			<ymin>2199</ymin>
			<xmax>3859</xmax>
			<ymax>2549</ymax>
		</bndbox>
	</object>
</annotation>
