<annotation>
	<folder>JPEGImages</folder>
	<filename>0250.jpg</filename>
	<path>F:\01.dataset\Fire-Smoke-Dataset\JPEGImages\0250.jpg</path>
	<source>
		<database>Unknown</database>
	</source>
	<size>
		<width>1032</width>
		<height>774</height>
		<depth>3</depth>
	</size>
	<segmented>0</segmented>
	<object>
		<name>fire</name>
		<pose>Unspecified</pose>
		<truncated>0</truncated>
		<difficult>0</difficult>
		<bndbox>
			<xmin>142</xmin>
			<ymin>74</ymin>
			<xmax>773</xmax>
			<ymax>554</ymax>
		</bndbox>
	</object>
	<object>
		<name>fire</name>
		<pose>Unspecified</pose>
		<truncated>0</truncated>
		<difficult>0</difficult>
		<bndbox>
			<xmin>336</xmin>
			<ymin>648</ymin>
			<xmax>480</xmax>
			<ymax>670</ymax>
		</bndbox>
	</object>
</annotation>
