<annotation>
	<folder>JPEGImages</folder>
	<filename>0253.jpg</filename>
	<path>F:\01.dataset\Fire-Smoke-Dataset\JPEGImages\0253.jpg</path>
	<source>
		<database>Unknown</database>
	</source>
	<size>
		<width>333</width>
		<height>500</height>
		<depth>3</depth>
	</size>
	<segmented>0</segmented>
	<object>
		<name>fire</name>
		<pose>Unspecified</pose>
		<truncated>0</truncated>
		<difficult>0</difficult>
		<bndbox>
			<xmin>70</xmin>
			<ymin>133</ymin>
			<xmax>253</xmax>
			<ymax>357</ymax>
		</bndbox>
	</object>
</annotation>
