<annotation>
	<folder>JPEGImages</folder>
	<filename>0259.jpg</filename>
	<path>F:\01.dataset\Fire-Smoke-Dataset\JPEGImages\0259.jpg</path>
	<source>
		<database>Unknown</database>
	</source>
	<size>
		<width>964</width>
		<height>534</height>
		<depth>3</depth>
	</size>
	<segmented>0</segmented>
	<object>
		<name>fire</name>
		<pose>Unspecified</pose>
		<truncated>0</truncated>
		<difficult>0</difficult>
		<bndbox>
			<xmin>566</xmin>
			<ymin>29</ymin>
			<xmax>676</xmax>
			<ymax>451</ymax>
		</bndbox>
	</object>
</annotation>
