<annotation>
	<folder>JPEGImages</folder>
	<filename>0260.jpg</filename>
	<path>F:\01.dataset\Fire-Smoke-Dataset\JPEGImages\0260.jpg</path>
	<source>
		<database>Unknown</database>
	</source>
	<size>
		<width>640</width>
		<height>360</height>
		<depth>3</depth>
	</size>
	<segmented>0</segmented>
	<object>
		<name>fire</name>
		<pose>Unspecified</pose>
		<truncated>0</truncated>
		<difficult>0</difficult>
		<bndbox>
			<xmin>274</xmin>
			<ymin>204</ymin>
			<xmax>288</xmax>
			<ymax>219</ymax>
		</bndbox>
	</object>
</annotation>
