<annotation>
	<folder>JPEGImages</folder>
	<filename>0261.jpg</filename>
	<path>F:\01.dataset\Fire-Smoke-Dataset\JPEGImages\0261.jpg</path>
	<source>
		<database>Unknown</database>
	</source>
	<size>
		<width>852</width>
		<height>480</height>
		<depth>3</depth>
	</size>
	<segmented>0</segmented>
	<object>
		<name>fire</name>
		<pose>Unspecified</pose>
		<truncated>0</truncated>
		<difficult>0</difficult>
		<bndbox>
			<xmin>75</xmin>
			<ymin>335</ymin>
			<xmax>130</xmax>
			<ymax>401</ymax>
		</bndbox>
	</object>
	<object>
		<name>fire</name>
		<pose>Unspecified</pose>
		<truncated>0</truncated>
		<difficult>0</difficult>
		<bndbox>
			<xmin>171</xmin>
			<ymin>14</ymin>
			<xmax>688</xmax>
			<ymax>329</ymax>
		</bndbox>
	</object>
</annotation>
