<annotation>
	<folder>JPEGImages</folder>
	<filename>0264.jpg</filename>
	<path>F:\01.dataset\Fire-Smoke-Dataset\JPEGImages\0264.jpg</path>
	<source>
		<database>Unknown</database>
	</source>
	<size>
		<width>595</width>
		<height>335</height>
		<depth>3</depth>
	</size>
	<segmented>0</segmented>
	<object>
		<name>fire</name>
		<pose>Unspecified</pose>
		<truncated>1</truncated>
		<difficult>0</difficult>
		<bndbox>
			<xmin>212</xmin>
			<ymin>1</ymin>
			<xmax>429</xmax>
			<ymax>262</ymax>
		</bndbox>
	</object>
	<object>
		<name>fire</name>
		<pose>Unspecified</pose>
		<truncated>0</truncated>
		<difficult>0</difficult>
		<bndbox>
			<xmin>121</xmin>
			<ymin>193</ymin>
			<xmax>175</xmax>
			<ymax>317</ymax>
		</bndbox>
	</object>
</annotation>
