<annotation>
	<folder>JPEGImages</folder>
	<filename>0265.jpg</filename>
	<path>F:\01.dataset\Fire-Smoke-Dataset\JPEGImages\0265.jpg</path>
	<source>
		<database>Unknown</database>
	</source>
	<size>
		<width>594</width>
		<height>708</height>
		<depth>3</depth>
	</size>
	<segmented>0</segmented>
	<object>
		<name>fire</name>
		<pose>Unspecified</pose>
		<truncated>0</truncated>
		<difficult>0</difficult>
		<bndbox>
			<xmin>213</xmin>
			<ymin>175</ymin>
			<xmax>270</xmax>
			<ymax>277</ymax>
		</bndbox>
	</object>
	<object>
		<name>fire</name>
		<pose>Unspecified</pose>
		<truncated>0</truncated>
		<difficult>0</difficult>
		<bndbox>
			<xmin>299</xmin>
			<ymin>188</ymin>
			<xmax>350</xmax>
			<ymax>297</ymax>
		</bndbox>
	</object>
	<object>
		<name>fire</name>
		<pose>Unspecified</pose>
		<truncated>0</truncated>
		<difficult>0</difficult>
		<bndbox>
			<xmin>133</xmin>
			<ymin>267</ymin>
			<xmax>152</xmax>
			<ymax>305</ymax>
		</bndbox>
	</object>
</annotation>
