<annotation>
	<folder>JPEGImages</folder>
	<filename>0266.jpg</filename>
	<path>F:\01.dataset\Fire-Smoke-Dataset\JPEGImages\0266.jpg</path>
	<source>
		<database>Unknown</database>
	</source>
	<size>
		<width>937</width>
		<height>524</height>
		<depth>3</depth>
	</size>
	<segmented>0</segmented>
	<object>
		<name>fire</name>
		<pose>Unspecified</pose>
		<truncated>0</truncated>
		<difficult>0</difficult>
		<bndbox>
			<xmin>141</xmin>
			<ymin>221</ymin>
			<xmax>280</xmax>
			<ymax>483</ymax>
		</bndbox>
	</object>
	<object>
		<name>fire</name>
		<pose>Unspecified</pose>
		<truncated>0</truncated>
		<difficult>0</difficult>
		<bndbox>
			<xmin>665</xmin>
			<ymin>13</ymin>
			<xmax>935</xmax>
			<ymax>261</ymax>
		</bndbox>
	</object>
</annotation>
