<annotation>
	<folder>VOC2020</folder>
	<filename>20200713170657.jpg</filename>
	<path>F:/DataSets/hlw_fire_data/VOC2020/20200713170657.jpg</path>
	<source>
		<database>Unknown</database>
	</source>
	<size>
		<width>770</width>
		<height>498</height>
		<depth>3</depth>
	</size>
	<segmented>0</segmented>
	<object>
		<name>fire</name>
		<pose>Unspecified</pose>
		<truncated>0</truncated>
		<difficult>0</difficult>
		<bndbox>
			<xmin>340</xmin>
			<ymin>201</ymin>
			<xmax>562</xmax>
			<ymax>391</ymax>
		</bndbox>
	</object>
</annotation>
