<annotation>
	<folder>VOC2020</folder>
	<filename>20200713170914.jpg</filename>
	<path>F:/DataSets/hlw_fire_data/VOC2020/20200713170914.jpg</path>
	<source>
		<database>Unknown</database>
	</source>
	<size>
		<width>545</width>
		<height>241</height>
		<depth>3</depth>
	</size>
	<segmented>0</segmented>
	<object>
		<name>fire</name>
		<pose>Unspecified</pose>
		<truncated>0</truncated>
		<difficult>0</difficult>
		<bndbox>
			<xmin>55</xmin>
			<ymin>123</ymin>
			<xmax>485</xmax>
			<ymax>167</ymax>
		</bndbox>
	</object>
</annotation>
