<annotation>
	<folder>JPEGImages</folder>
	<filename>0271.jpg</filename>
	<path>F:\01.dataset\Fire-Smoke-Dataset\JPEGImages\0271.jpg</path>
	<source>
		<database>Unknown</database>
	</source>
	<size>
		<width>401</width>
		<height>226</height>
		<depth>3</depth>
	</size>
	<segmented>0</segmented>
	<object>
		<name>fire</name>
		<pose>Unspecified</pose>
		<truncated>0</truncated>
		<difficult>0</difficult>
		<bndbox>
			<xmin>174</xmin>
			<ymin>90</ymin>
			<xmax>204</xmax>
			<ymax>130</ymax>
		</bndbox>
	</object>
</annotation>
