<annotation>
	<folder>111</folder>
	<filename>20200713171700.jpg</filename>
	<path>F:\DataSets\hlw_fire_data\VOC2020\111\20200713171700.jpg</path>
	<source>
		<database>Unknown</database>
	</source>
	<size>
		<width>397</width>
		<height>241</height>
		<depth>3</depth>
	</size>
	<segmented>0</segmented>
	<object>
		<name>fire</name>
		<pose>Unspecified</pose>
		<truncated>0</truncated>
		<difficult>0</difficult>
		<bndbox>
			<xmin>134</xmin>
			<ymin>21</ymin>
			<xmax>180</xmax>
			<ymax>119</ymax>
		</bndbox>
	</object>
</annotation>
