<annotation>
	<folder>JPEGImages</folder>
	<filename>0275.jpg</filename>
	<path>F:\01.dataset\Fire-Smoke-Dataset\JPEGImages\0275.jpg</path>
	<source>
		<database>Unknown</database>
	</source>
	<size>
		<width>600</width>
		<height>399</height>
		<depth>3</depth>
	</size>
	<segmented>0</segmented>
	<object>
		<name>fire</name>
		<pose>Unspecified</pose>
		<truncated>0</truncated>
		<difficult>0</difficult>
		<bndbox>
			<xmin>207</xmin>
			<ymin>141</ymin>
			<xmax>364</xmax>
			<ymax>212</ymax>
		</bndbox>
	</object>
	<object>
		<name>fire</name>
		<pose>Unspecified</pose>
		<truncated>0</truncated>
		<difficult>0</difficult>
		<bndbox>
			<xmin>334</xmin>
			<ymin>172</ymin>
			<xmax>485</xmax>
			<ymax>276</ymax>
		</bndbox>
	</object>
	<object>
		<name>fire</name>
		<pose>Unspecified</pose>
		<truncated>0</truncated>
		<difficult>0</difficult>
		<bndbox>
			<xmin>488</xmin>
			<ymin>173</ymin>
			<xmax>566</xmax>
			<ymax>225</ymax>
		</bndbox>
	</object>
</annotation>
