<annotation>
	<folder>JPEGImages</folder>
	<filename>0277.jpg</filename>
	<path>F:\01.dataset\Fire-Smoke-Dataset\JPEGImages\0277.jpg</path>
	<source>
		<database>Unknown</database>
	</source>
	<size>
		<width>498</width>
		<height>309</height>
		<depth>3</depth>
	</size>
	<segmented>0</segmented>
	<object>
		<name>fire</name>
		<pose>Unspecified</pose>
		<truncated>0</truncated>
		<difficult>0</difficult>
		<bndbox>
			<xmin>218</xmin>
			<ymin>181</ymin>
			<xmax>366</xmax>
			<ymax>294</ymax>
		</bndbox>
	</object>
	<object>
		<name>fire</name>
		<pose>Unspecified</pose>
		<truncated>0</truncated>
		<difficult>0</difficult>
		<bndbox>
			<xmin>380</xmin>
			<ymin>268</ymin>
			<xmax>404</xmax>
			<ymax>291</ymax>
		</bndbox>
	</object>
</annotation>
