<annotation>
	<folder>JPEGImages</folder>
	<filename>0278.jpg</filename>
	<path>F:\01.dataset\Fire-Smoke-Dataset\JPEGImages\0278.jpg</path>
	<source>
		<database>Unknown</database>
	</source>
	<size>
		<width>753</width>
		<height>342</height>
		<depth>3</depth>
	</size>
	<segmented>0</segmented>
	<object>
		<name>fire</name>
		<pose>Unspecified</pose>
		<truncated>0</truncated>
		<difficult>0</difficult>
		<bndbox>
			<xmin>349</xmin>
			<ymin>149</ymin>
			<xmax>433</xmax>
			<ymax>207</ymax>
		</bndbox>
	</object>
	<object>
		<name>fire</name>
		<pose>Unspecified</pose>
		<truncated>0</truncated>
		<difficult>0</difficult>
		<bndbox>
			<xmin>244</xmin>
			<ymin>144</ymin>
			<xmax>294</xmax>
			<ymax>186</ymax>
		</bndbox>
	</object>
	<object>
		<name>fire</name>
		<pose>Unspecified</pose>
		<truncated>0</truncated>
		<difficult>0</difficult>
		<bndbox>
			<xmin>114</xmin>
			<ymin>131</ymin>
			<xmax>154</xmax>
			<ymax>182</ymax>
		</bndbox>
	</object>
</annotation>
