<annotation>
	<folder>111</folder>
	<filename>20200713172158.jpg</filename>
	<path>F:\DataSets\hlw_fire_data\VOC2020\111\20200713172158.jpg</path>
	<source>
		<database>Unknown</database>
	</source>
	<size>
		<width>1070</width>
		<height>755</height>
		<depth>3</depth>
	</size>
	<segmented>0</segmented>
	<object>
		<name>fire</name>
		<pose>Unspecified</pose>
		<truncated>0</truncated>
		<difficult>0</difficult>
		<bndbox>
			<xmin>823</xmin>
			<ymin>77</ymin>
			<xmax>892</xmax>
			<ymax>140</ymax>
		</bndbox>
	</object>
	<object>
		<name>fire</name>
		<pose>Unspecified</pose>
		<truncated>0</truncated>
		<difficult>0</difficult>
		<bndbox>
			<xmin>218</xmin>
			<ymin>531</ymin>
			<xmax>654</xmax>
			<ymax>721</ymax>
		</bndbox>
	</object>
	<object>
		<name>fire</name>
		<pose>Unspecified</pose>
		<truncated>0</truncated>
		<difficult>0</difficult>
		<bndbox>
			<xmin>468</xmin>
			<ymin>214</ymin>
			<xmax>700</xmax>
			<ymax>471</ymax>
		</bndbox>
	</object>
</annotation>
