<annotation>
	<folder>111</folder>
	<filename>20200713172231.jpg</filename>
	<path>F:\DataSets\hlw_fire_data\VOC2020\111\20200713172231.jpg</path>
	<source>
		<database>Unknown</database>
	</source>
	<size>
		<width>451</width>
		<height>712</height>
		<depth>3</depth>
	</size>
	<segmented>0</segmented>
	<object>
		<name>fire</name>
		<pose>Unspecified</pose>
		<truncated>1</truncated>
		<difficult>0</difficult>
		<bndbox>
			<xmin>38</xmin>
			<ymin>125</ymin>
			<xmax>174</xmax>
			<ymax>712</ymax>
		</bndbox>
	</object>
	<object>
		<name>fire</name>
		<pose>Unspecified</pose>
		<truncated>0</truncated>
		<difficult>0</difficult>
		<bndbox>
			<xmin>289</xmin>
			<ymin>483</ymin>
			<xmax>440</xmax>
			<ymax>709</ymax>
		</bndbox>
	</object>
</annotation>
