<annotation>
	<folder>111</folder>
	<filename>20200713172301.jpg</filename>
	<path>F:\DataSets\hlw_fire_data\VOC2020\111\20200713172301.jpg</path>
	<source>
		<database>Unknown</database>
	</source>
	<size>
		<width>1136</width>
		<height>518</height>
		<depth>3</depth>
	</size>
	<segmented>0</segmented>
	<object>
		<name>fire</name>
		<pose>Unspecified</pose>
		<truncated>0</truncated>
		<difficult>0</difficult>
		<bndbox>
			<xmin>526</xmin>
			<ymin>418</ymin>
			<xmax>695</xmax>
			<ymax>482</ymax>
		</bndbox>
	</object>
	<object>
		<name>fire</name>
		<pose>Unspecified</pose>
		<truncated>0</truncated>
		<difficult>0</difficult>
		<bndbox>
			<xmin>710</xmin>
			<ymin>411</ymin>
			<xmax>860</xmax>
			<ymax>493</ymax>
		</bndbox>
	</object>
</annotation>
