<annotation>
	<folder>111</folder>
	<filename>20200713172614.jpg</filename>
	<path>F:\DataSets\hlw_fire_data\VOC2020\111\20200713172614.jpg</path>
	<source>
		<database>Unknown</database>
	</source>
	<size>
		<width>993</width>
		<height>667</height>
		<depth>3</depth>
	</size>
	<segmented>0</segmented>
	<object>
		<name>fire</name>
		<pose>Unspecified</pose>
		<truncated>0</truncated>
		<difficult>0</difficult>
		<bndbox>
			<xmin>382</xmin>
			<ymin>450</ymin>
			<xmax>440</xmax>
			<ymax>522</ymax>
		</bndbox>
	</object>
	<object>
		<name>fire</name>
		<pose>Unspecified</pose>
		<truncated>0</truncated>
		<difficult>0</difficult>
		<bndbox>
			<xmin>476</xmin>
			<ymin>404</ymin>
			<xmax>542</xmax>
			<ymax>495</ymax>
		</bndbox>
	</object>
	<object>
		<name>fire</name>
		<pose>Unspecified</pose>
		<truncated>0</truncated>
		<difficult>0</difficult>
		<bndbox>
			<xmin>608</xmin>
			<ymin>399</ymin>
			<xmax>675</xmax>
			<ymax>494</ymax>
		</bndbox>
	</object>
	<object>
		<name>fire</name>
		<pose>Unspecified</pose>
		<truncated>0</truncated>
		<difficult>0</difficult>
		<bndbox>
			<xmin>717</xmin>
			<ymin>432</ymin>
			<xmax>779</xmax>
			<ymax>510</ymax>
		</bndbox>
	</object>
</annotation>
