<annotation>
	<folder>JPEGImages</folder>
	<filename>0284.jpg</filename>
	<path>F:\01.dataset\Fire-Smoke-Dataset\JPEGImages\0284.jpg</path>
	<source>
		<database>Unknown</database>
	</source>
	<size>
		<width>1174</width>
		<height>661</height>
		<depth>3</depth>
	</size>
	<segmented>0</segmented>
	<object>
		<name>fire</name>
		<pose>Unspecified</pose>
		<truncated>0</truncated>
		<difficult>0</difficult>
		<bndbox>
			<xmin>481</xmin>
			<ymin>277</ymin>
			<xmax>849</xmax>
			<ymax>650</ymax>
		</bndbox>
	</object>
	<object>
		<name>fire</name>
		<pose>Unspecified</pose>
		<truncated>0</truncated>
		<difficult>0</difficult>
		<bndbox>
			<xmin>851</xmin>
			<ymin>379</ymin>
			<xmax>1104</xmax>
			<ymax>466</ymax>
		</bndbox>
	</object>
</annotation>
