<annotation>
	<folder>JPEGImages</folder>
	<filename>0285.jpg</filename>
	<path>F:\01.dataset\Fire-Smoke-Dataset\JPEGImages\0285.jpg</path>
	<source>
		<database>Unknown</database>
	</source>
	<size>
		<width>231</width>
		<height>251</height>
		<depth>3</depth>
	</size>
	<segmented>0</segmented>
	<object>
		<name>fire</name>
		<pose>Unspecified</pose>
		<truncated>0</truncated>
		<difficult>0</difficult>
		<bndbox>
			<xmin>18</xmin>
			<ymin>39</ymin>
			<xmax>203</xmax>
			<ymax>210</ymax>
		</bndbox>
	</object>
</annotation>
