<annotation>
	<folder>JPEGImages</folder>
	<filename>0286.jpg</filename>
	<path>F:\01.dataset\Fire-Smoke-Dataset\JPEGImages\0286.jpg</path>
	<source>
		<database>Unknown</database>
	</source>
	<size>
		<width>730</width>
		<height>481</height>
		<depth>3</depth>
	</size>
	<segmented>0</segmented>
	<object>
		<name>fire</name>
		<pose>Unspecified</pose>
		<truncated>1</truncated>
		<difficult>0</difficult>
		<bndbox>
			<xmin>511</xmin>
			<ymin>253</ymin>
			<xmax>730</xmax>
			<ymax>375</ymax>
		</bndbox>
	</object>
</annotation>
