<annotation>
	<folder>JPEGImages</folder>
	<filename>0287.jpg</filename>
	<path>F:\01.dataset\Fire-Smoke-Dataset\JPEGImages\0287.jpg</path>
	<source>
		<database>Unknown</database>
	</source>
	<size>
		<width>1183</width>
		<height>622</height>
		<depth>3</depth>
	</size>
	<segmented>0</segmented>
	<object>
		<name>fire</name>
		<pose>Unspecified</pose>
		<truncated>0</truncated>
		<difficult>0</difficult>
		<bndbox>
			<xmin>7</xmin>
			<ymin>357</ymin>
			<xmax>173</xmax>
			<ymax>591</ymax>
		</bndbox>
	</object>
	<object>
		<name>fire</name>
		<pose>Unspecified</pose>
		<truncated>0</truncated>
		<difficult>0</difficult>
		<bndbox>
			<xmin>323</xmin>
			<ymin>237</ymin>
			<xmax>711</xmax>
			<ymax>534</ymax>
		</bndbox>
	</object>
	<object>
		<name>fire</name>
		<pose>Unspecified</pose>
		<truncated>0</truncated>
		<difficult>0</difficult>
		<bndbox>
			<xmin>717</xmin>
			<ymin>310</ymin>
			<xmax>1129</xmax>
			<ymax>616</ymax>
		</bndbox>
	</object>
</annotation>
