<annotation>
	<folder>JPEGImages</folder>
	<filename>0288.jpg</filename>
	<path>F:\01.dataset\Fire-Smoke-Dataset\JPEGImages\0288.jpg</path>
	<source>
		<database>Unknown</database>
	</source>
	<size>
		<width>600</width>
		<height>343</height>
		<depth>3</depth>
	</size>
	<segmented>0</segmented>
	<object>
		<name>fire</name>
		<pose>Unspecified</pose>
		<truncated>0</truncated>
		<difficult>0</difficult>
		<bndbox>
			<xmin>197</xmin>
			<ymin>6</ymin>
			<xmax>403</xmax>
			<ymax>265</ymax>
		</bndbox>
	</object>
</annotation>
