<annotation>
	<folder>JPEGImages</folder>
	<filename>0290.jpg</filename>
	<path>F:\01.dataset\Fire-Smoke-Dataset\JPEGImages\0290.jpg</path>
	<source>
		<database>Unknown</database>
	</source>
	<size>
		<width>1142</width>
		<height>784</height>
		<depth>3</depth>
	</size>
	<segmented>0</segmented>
	<object>
		<name>fire</name>
		<pose>Unspecified</pose>
		<truncated>1</truncated>
		<difficult>0</difficult>
		<bndbox>
			<xmin>124</xmin>
			<ymin>1</ymin>
			<xmax>903</xmax>
			<ymax>586</ymax>
		</bndbox>
	</object>
	<object>
		<name>fire</name>
		<pose>Unspecified</pose>
		<truncated>0</truncated>
		<difficult>0</difficult>
		<bndbox>
			<xmin>916</xmin>
			<ymin>18</ymin>
			<xmax>1062</xmax>
			<ymax>243</ymax>
		</bndbox>
	</object>
	<object>
		<name>fire</name>
		<pose>Unspecified</pose>
		<truncated>1</truncated>
		<difficult>0</difficult>
		<bndbox>
			<xmin>1101</xmin>
			<ymin>38</ymin>
			<xmax>1142</xmax>
			<ymax>193</ymax>
		</bndbox>
	</object>
</annotation>
