<annotation>
	<folder>111</folder>
	<filename>20200713173212.jpg</filename>
	<path>F:\DataSets\hlw_fire_data\VOC2020\111\20200713173212.jpg</path>
	<source>
		<database>Unknown</database>
	</source>
	<size>
		<width>1217</width>
		<height>663</height>
		<depth>3</depth>
	</size>
	<segmented>0</segmented>
	<object>
		<name>fire</name>
		<pose>Unspecified</pose>
		<truncated>0</truncated>
		<difficult>0</difficult>
		<bndbox>
			<xmin>519</xmin>
			<ymin>363</ymin>
			<xmax>548</xmax>
			<ymax>399</ymax>
		</bndbox>
	</object>
</annotation>
