<annotation>
	<folder>111</folder>
	<filename>20200713173409.jpg</filename>
	<path>F:\DataSets\hlw_fire_data\VOC2020\111\20200713173409.jpg</path>
	<source>
		<database>Unknown</database>
	</source>
	<size>
		<width>1055</width>
		<height>695</height>
		<depth>3</depth>
	</size>
	<segmented>0</segmented>
	<object>
		<name>fire</name>
		<pose>Unspecified</pose>
		<truncated>0</truncated>
		<difficult>0</difficult>
		<bndbox>
			<xmin>71</xmin>
			<ymin>171</ymin>
			<xmax>1018</xmax>
			<ymax>569</ymax>
		</bndbox>
	</object>
</annotation>
