<annotation>
	<folder>JPEGImages</folder>
	<filename>0293.jpg</filename>
	<path>F:\01.dataset\Fire-Smoke-Dataset\JPEGImages\0293.jpg</path>
	<source>
		<database>Unknown</database>
	</source>
	<size>
		<width>1019</width>
		<height>573</height>
		<depth>3</depth>
	</size>
	<segmented>0</segmented>
	<object>
		<name>fire</name>
		<pose>Unspecified</pose>
		<truncated>1</truncated>
		<difficult>0</difficult>
		<bndbox>
			<xmin>1</xmin>
			<ymin>209</ymin>
			<xmax>1017</xmax>
			<ymax>569</ymax>
		</bndbox>
	</object>
</annotation>
