<annotation>
	<folder>JPEGImages</folder>
	<filename>0294.jpg</filename>
	<path>F:\01.dataset\Fire-Smoke-Dataset\JPEGImages\0294.jpg</path>
	<source>
		<database>Unknown</database>
	</source>
	<size>
		<width>1367</width>
		<height>910</height>
		<depth>3</depth>
	</size>
	<segmented>0</segmented>
	<object>
		<name>fire</name>
		<pose>Unspecified</pose>
		<truncated>0</truncated>
		<difficult>0</difficult>
		<bndbox>
			<xmin>854</xmin>
			<ymin>305</ymin>
			<xmax>1315</xmax>
			<ymax>610</ymax>
		</bndbox>
	</object>
</annotation>
