<annotation>
	<folder>JPEGImages</folder>
	<filename>0295.jpg</filename>
	<path>F:\01.dataset\Fire-Smoke-Dataset\JPEGImages\0295.jpg</path>
	<source>
		<database>Unknown</database>
	</source>
	<size>
		<width>1066</width>
		<height>704</height>
		<depth>3</depth>
	</size>
	<segmented>0</segmented>
	<object>
		<name>fire</name>
		<pose>Unspecified</pose>
		<truncated>1</truncated>
		<difficult>0</difficult>
		<bndbox>
			<xmin>760</xmin>
			<ymin>362</ymin>
			<xmax>1066</xmax>
			<ymax>549</ymax>
		</bndbox>
	</object>
</annotation>
