<annotation>
	<folder>JPEGImages</folder>
	<filename>0296.jpg</filename>
	<path>F:\01.dataset\Fire-Smoke-Dataset\JPEGImages\0296.jpg</path>
	<source>
		<database>Unknown</database>
	</source>
	<size>
		<width>900</width>
		<height>596</height>
		<depth>3</depth>
	</size>
	<segmented>0</segmented>
	<object>
		<name>fire</name>
		<pose>Unspecified</pose>
		<truncated>0</truncated>
		<difficult>0</difficult>
		<bndbox>
			<xmin>85</xmin>
			<ymin>149</ymin>
			<xmax>411</xmax>
			<ymax>517</ymax>
		</bndbox>
	</object>
	<object>
		<name>fire</name>
		<pose>Unspecified</pose>
		<truncated>0</truncated>
		<difficult>0</difficult>
		<bndbox>
			<xmin>607</xmin>
			<ymin>125</ymin>
			<xmax>749</xmax>
			<ymax>242</ymax>
		</bndbox>
	</object>
</annotation>
