<annotation>
	<folder>JPEGImages</folder>
	<filename>0298.jpg</filename>
	<path>F:\01.dataset\Fire-Smoke-Dataset\JPEGImages\0298.jpg</path>
	<source>
		<database>Unknown</database>
	</source>
	<size>
		<width>600</width>
		<height>893</height>
		<depth>3</depth>
	</size>
	<segmented>0</segmented>
	<object>
		<name>fire</name>
		<pose>Unspecified</pose>
		<truncated>0</truncated>
		<difficult>0</difficult>
		<bndbox>
			<xmin>353</xmin>
			<ymin>505</ymin>
			<xmax>549</xmax>
			<ymax>693</ymax>
		</bndbox>
	</object>
</annotation>
