<annotation>
	<folder>JPEGImages</folder>
	<filename>0301.jpg</filename>
	<path>F:\01.dataset\Fire-Smoke-Dataset\JPEGImages\0301.jpg</path>
	<source>
		<database>Unknown</database>
	</source>
	<size>
		<width>540</width>
		<height>362</height>
		<depth>3</depth>
	</size>
	<segmented>0</segmented>
	<object>
		<name>fire</name>
		<pose>Unspecified</pose>
		<truncated>0</truncated>
		<difficult>0</difficult>
		<bndbox>
			<xmin>295</xmin>
			<ymin>16</ymin>
			<xmax>395</xmax>
			<ymax>85</ymax>
		</bndbox>
	</object>
	<object>
		<name>fire</name>
		<pose>Unspecified</pose>
		<truncated>0</truncated>
		<difficult>0</difficult>
		<bndbox>
			<xmin>279</xmin>
			<ymin>94</ymin>
			<xmax>510</xmax>
			<ymax>318</ymax>
		</bndbox>
	</object>
</annotation>
