<annotation>
	<folder>JPEGImages</folder>
	<filename>0302.jpg</filename>
	<path>F:\01.dataset\Fire-Smoke-Dataset\JPEGImages\0302.jpg</path>
	<source>
		<database>Unknown</database>
	</source>
	<size>
		<width>640</width>
		<height>360</height>
		<depth>3</depth>
	</size>
	<segmented>0</segmented>
	<object>
		<name>fire</name>
		<pose>Unspecified</pose>
		<truncated>0</truncated>
		<difficult>0</difficult>
		<bndbox>
			<xmin>184</xmin>
			<ymin>141</ymin>
			<xmax>203</xmax>
			<ymax>194</ymax>
		</bndbox>
	</object>
	<object>
		<name>fire</name>
		<pose>Unspecified</pose>
		<truncated>1</truncated>
		<difficult>0</difficult>
		<bndbox>
			<xmin>286</xmin>
			<ymin>155</ymin>
			<xmax>638</xmax>
			<ymax>360</ymax>
		</bndbox>
	</object>
</annotation>
