<annotation>
	<folder>forest_fire</folder>
	<filename>211651e5-4d0f-4927-9f19-4d05205e9802.jpg</filename>
	<path>F:\DataSets\hlw_fire_data\forest_fire\211651e5-4d0f-4927-9f19-4d05205e9802.jpg</path>
	<source>
		<database>Unknown</database>
	</source>
	<size>
		<width>500</width>
		<height>334</height>
		<depth>3</depth>
	</size>
	<segmented>0</segmented>
	<object>
		<name>fire</name>
		<pose>Unspecified</pose>
		<truncated>0</truncated>
		<difficult>0</difficult>
		<bndbox>
			<xmin>194</xmin>
			<ymin>105</ymin>
			<xmax>232</xmax>
			<ymax>212</ymax>
		</bndbox>
	</object>
	<object>
		<name>fire</name>
		<pose>Unspecified</pose>
		<truncated>0</truncated>
		<difficult>0</difficult>
		<bndbox>
			<xmin>56</xmin>
			<ymin>198</ymin>
			<xmax>82</xmax>
			<ymax>249</ymax>
		</bndbox>
	</object>
</annotation>
