<annotation>
	<folder>JPEGImages</folder>
	<filename>0306.jpg</filename>
	<path>F:\01.dataset\Fire-Smoke-Dataset\JPEGImages\0306.jpg</path>
	<source>
		<database>Unknown</database>
	</source>
	<size>
		<width>500</width>
		<height>375</height>
		<depth>3</depth>
	</size>
	<segmented>0</segmented>
	<object>
		<name>fire</name>
		<pose>Unspecified</pose>
		<truncated>0</truncated>
		<difficult>0</difficult>
		<bndbox>
			<xmin>178</xmin>
			<ymin>92</ymin>
			<xmax>308</xmax>
			<ymax>163</ymax>
		</bndbox>
	</object>
</annotation>
