<annotation>
	<folder>forest_fire</folder>
	<filename>229d70b9-d735-4ec0-8781-017e506193ae.jpg</filename>
	<path>F:\DataSets\hlw_fire_data\forest_fire\229d70b9-d735-4ec0-8781-017e506193ae.jpg</path>
	<source>
		<database>Unknown</database>
	</source>
	<size>
		<width>500</width>
		<height>375</height>
		<depth>3</depth>
	</size>
	<segmented>0</segmented>
	<object>
		<name>fire</name>
		<pose>Unspecified</pose>
		<truncated>0</truncated>
		<difficult>0</difficult>
		<bndbox>
			<xmin>116</xmin>
			<ymin>174</ymin>
			<xmax>175</xmax>
			<ymax>245</ymax>
		</bndbox>
	</object>
	<object>
		<name>fire</name>
		<pose>Unspecified</pose>
		<truncated>0</truncated>
		<difficult>0</difficult>
		<bndbox>
			<xmin>389</xmin>
			<ymin>234</ymin>
			<xmax>499</xmax>
			<ymax>313</ymax>
		</bndbox>
	</object>
</annotation>
