<annotation>
	<folder>vehicle_fire</folder>
	<filename>22f9db29-9263-4603-866a-659a1bfae394.jpg</filename>
	<path>F:\DataSets\hlw_fire_data\vehicle_fire\22f9db29-9263-4603-866a-659a1bfae394.jpg</path>
	<source>
		<database>Unknown</database>
	</source>
	<size>
		<width>640</width>
		<height>426</height>
		<depth>3</depth>
	</size>
	<segmented>0</segmented>
	<object>
		<name>fire</name>
		<pose>Unspecified</pose>
		<truncated>0</truncated>
		<difficult>0</difficult>
		<bndbox>
			<xmin>489</xmin>
			<ymin>198</ymin>
			<xmax>568</xmax>
			<ymax>281</ymax>
		</bndbox>
	</object>
</annotation>
