<annotation>
	<folder>forest_fire</folder>
	<filename>236add3b-ccb9-4a47-889f-d700946933fe.jpg</filename>
	<path>F:\DataSets\hlw_fire_data\forest_fire\236add3b-ccb9-4a47-889f-d700946933fe.jpg</path>
	<source>
		<database>Unknown</database>
	</source>
	<size>
		<width>1000</width>
		<height>666</height>
		<depth>3</depth>
	</size>
	<segmented>0</segmented>
	<object>
		<name>fire</name>
		<pose>Unspecified</pose>
		<truncated>0</truncated>
		<difficult>0</difficult>
		<bndbox>
			<xmin>187</xmin>
			<ymin>97</ymin>
			<xmax>492</xmax>
			<ymax>526</ymax>
		</bndbox>
	</object>
	<object>
		<name>fire</name>
		<pose>Unspecified</pose>
		<truncated>0</truncated>
		<difficult>0</difficult>
		<bndbox>
			<xmin>796</xmin>
			<ymin>114</ymin>
			<xmax>920</xmax>
			<ymax>287</ymax>
		</bndbox>
	</object>
</annotation>
