<annotation>
	<folder>JPEGImages</folder>
	<filename>0314.jpg</filename>
	<path>F:\01.dataset\Fire-Smoke-Dataset\JPEGImages\0314.jpg</path>
	<source>
		<database>Unknown</database>
	</source>
	<size>
		<width>1440</width>
		<height>1080</height>
		<depth>3</depth>
	</size>
	<segmented>0</segmented>
	<object>
		<name>fire</name>
		<pose>Unspecified</pose>
		<truncated>1</truncated>
		<difficult>0</difficult>
		<bndbox>
			<xmin>853</xmin>
			<ymin>248</ymin>
			<xmax>1440</xmax>
			<ymax>901</ymax>
		</bndbox>
	</object>
</annotation>
