<annotation>
	<folder>JPEGImages</folder>
	<filename>0315.jpg</filename>
	<path>F:\01.dataset\Fire-Smoke-Dataset\JPEGImages\0315.jpg</path>
	<source>
		<database>Unknown</database>
	</source>
	<size>
		<width>440</width>
		<height>330</height>
		<depth>3</depth>
	</size>
	<segmented>0</segmented>
	<object>
		<name>fire</name>
		<pose>Unspecified</pose>
		<truncated>0</truncated>
		<difficult>0</difficult>
		<bndbox>
			<xmin>96</xmin>
			<ymin>223</ymin>
			<xmax>189</xmax>
			<ymax>246</ymax>
		</bndbox>
	</object>
</annotation>
