<annotation>
	<folder>JPEGImages</folder>
	<filename>0316.jpg</filename>
	<path>F:\01.dataset\Fire-Smoke-Dataset\JPEGImages\0316.jpg</path>
	<source>
		<database>Unknown</database>
	</source>
	<size>
		<width>1000</width>
		<height>667</height>
		<depth>3</depth>
	</size>
	<segmented>0</segmented>
	<object>
		<name>fire</name>
		<pose>Unspecified</pose>
		<truncated>1</truncated>
		<difficult>0</difficult>
		<bndbox>
			<xmin>3</xmin>
			<ymin>122</ymin>
			<xmax>1000</xmax>
			<ymax>667</ymax>
		</bndbox>
	</object>
</annotation>
