<annotation>
	<folder>JPEGImages</folder>
	<filename>0317.jpg</filename>
	<path>F:\01.dataset\Fire-Smoke-Dataset\JPEGImages\0317.jpg</path>
	<source>
		<database>Unknown</database>
	</source>
	<size>
		<width>900</width>
		<height>600</height>
		<depth>3</depth>
	</size>
	<segmented>0</segmented>
	<object>
		<name>fire</name>
		<pose>Unspecified</pose>
		<truncated>1</truncated>
		<difficult>0</difficult>
		<bndbox>
			<xmin>410</xmin>
			<ymin>44</ymin>
			<xmax>895</xmax>
			<ymax>600</ymax>
		</bndbox>
	</object>
</annotation>
