<annotation>
	<folder>JPEGImages</folder>
	<filename>0319.jpg</filename>
	<path>F:\01.dataset\Fire-Smoke-Dataset\JPEGImages\0319.jpg</path>
	<source>
		<database>Unknown</database>
	</source>
	<size>
		<width>850</width>
		<height>478</height>
		<depth>3</depth>
	</size>
	<segmented>0</segmented>
	<object>
		<name>fire</name>
		<pose>Unspecified</pose>
		<truncated>0</truncated>
		<difficult>0</difficult>
		<bndbox>
			<xmin>165</xmin>
			<ymin>232</ymin>
			<xmax>564</xmax>
			<ymax>433</ymax>
		</bndbox>
	</object>
</annotation>
