<annotation>
	<folder>forest_fire</folder>
	<filename>24d382e8-e793-4d93-9d87-b4207128b4a1.jpg</filename>
	<path>F:\DataSets\hlw_fire_data\forest_fire\24d382e8-e793-4d93-9d87-b4207128b4a1.jpg</path>
	<source>
		<database>Unknown</database>
	</source>
	<size>
		<width>899</width>
		<height>674</height>
		<depth>3</depth>
	</size>
	<segmented>0</segmented>
	<object>
		<name>fire</name>
		<pose>Unspecified</pose>
		<truncated>0</truncated>
		<difficult>0</difficult>
		<bndbox>
			<xmin>297</xmin>
			<ymin>320</ymin>
			<xmax>512</xmax>
			<ymax>544</ymax>
		</bndbox>
	</object>
	<object>
		<name>fire</name>
		<pose>Unspecified</pose>
		<truncated>0</truncated>
		<difficult>0</difficult>
		<bndbox>
			<xmin>670</xmin>
			<ymin>280</ymin>
			<xmax>892</xmax>
			<ymax>591</ymax>
		</bndbox>
	</object>
</annotation>
