<annotation>
	<folder>JPEGImages</folder>
	<filename>0322.jpg</filename>
	<path>F:\01.dataset\Fire-Smoke-Dataset\JPEGImages\0322.jpg</path>
	<source>
		<database>Unknown</database>
	</source>
	<size>
		<width>634</width>
		<height>438</height>
		<depth>3</depth>
	</size>
	<segmented>0</segmented>
	<object>
		<name>fire</name>
		<pose>Unspecified</pose>
		<truncated>0</truncated>
		<difficult>0</difficult>
		<bndbox>
			<xmin>315</xmin>
			<ymin>263</ymin>
			<xmax>366</xmax>
			<ymax>322</ymax>
		</bndbox>
	</object>
	<object>
		<name>fire</name>
		<pose>Unspecified</pose>
		<truncated>0</truncated>
		<difficult>0</difficult>
		<bndbox>
			<xmin>376</xmin>
			<ymin>256</ymin>
			<xmax>415</xmax>
			<ymax>306</ymax>
		</bndbox>
	</object>
	<object>
		<name>fire</name>
		<pose>Unspecified</pose>
		<truncated>0</truncated>
		<difficult>0</difficult>
		<bndbox>
			<xmin>430</xmin>
			<ymin>282</ymin>
			<xmax>458</xmax>
			<ymax>330</ymax>
		</bndbox>
	</object>
</annotation>
