<annotation>
	<folder>JPEGImages</folder>
	<filename>0324.jpg</filename>
	<path>F:\01.dataset\Fire-Smoke-Dataset\JPEGImages\0324.jpg</path>
	<source>
		<database>Unknown</database>
	</source>
	<size>
		<width>1280</width>
		<height>724</height>
		<depth>3</depth>
	</size>
	<segmented>0</segmented>
	<object>
		<name>fire</name>
		<pose>Unspecified</pose>
		<truncated>0</truncated>
		<difficult>0</difficult>
		<bndbox>
			<xmin>324</xmin>
			<ymin>3</ymin>
			<xmax>601</xmax>
			<ymax>529</ymax>
		</bndbox>
	</object>
	<object>
		<name>fire</name>
		<pose>Unspecified</pose>
		<truncated>1</truncated>
		<difficult>0</difficult>
		<bndbox>
			<xmin>1</xmin>
			<ymin>301</ymin>
			<xmax>52</xmax>
			<ymax>365</ymax>
		</bndbox>
	</object>
</annotation>
