<annotation>
	<folder>vehicle_fire</folder>
	<filename>25714c03-a028-4ea6-ade6-7dff793eb305.jpg</filename>
	<path>F:\DataSets\hlw_fire_data\vehicle_fire\25714c03-a028-4ea6-ade6-7dff793eb305.jpg</path>
	<source>
		<database>Unknown</database>
	</source>
	<size>
		<width>400</width>
		<height>300</height>
		<depth>3</depth>
	</size>
	<segmented>0</segmented>
	<object>
		<name>fire</name>
		<pose>Unspecified</pose>
		<truncated>0</truncated>
		<difficult>0</difficult>
		<bndbox>
			<xmin>250</xmin>
			<ymin>31</ymin>
			<xmax>398</xmax>
			<ymax>215</ymax>
		</bndbox>
	</object>
	<object>
		<name>fire</name>
		<pose>Unspecified</pose>
		<truncated>1</truncated>
		<difficult>0</difficult>
		<bndbox>
			<xmin>328</xmin>
			<ymin>273</ymin>
			<xmax>399</xmax>
			<ymax>300</ymax>
		</bndbox>
	</object>
</annotation>
