<annotation>
	<folder>JPEGImages</folder>
	<filename>0328.jpg</filename>
	<path>F:\01.dataset\Fire-Smoke-Dataset\JPEGImages\0328.jpg</path>
	<source>
		<database>Unknown</database>
	</source>
	<size>
		<width>600</width>
		<height>449</height>
		<depth>3</depth>
	</size>
	<segmented>0</segmented>
	<object>
		<name>fire</name>
		<pose>Unspecified</pose>
		<truncated>0</truncated>
		<difficult>0</difficult>
		<bndbox>
			<xmin>392</xmin>
			<ymin>199</ymin>
			<xmax>415</xmax>
			<ymax>220</ymax>
		</bndbox>
	</object>
</annotation>
