<annotation>
	<folder>forest_fire</folder>
	<filename>259c01a7-a3df-4f5b-8d87-0a2612fe60d9.jpg</filename>
	<path>F:\DataSets\hlw_fire_data\forest_fire\259c01a7-a3df-4f5b-8d87-0a2612fe60d9.jpg</path>
	<source>
		<database>Unknown</database>
	</source>
	<size>
		<width>950</width>
		<height>633</height>
		<depth>3</depth>
	</size>
	<segmented>0</segmented>
	<object>
		<name>fire</name>
		<pose>Unspecified</pose>
		<truncated>0</truncated>
		<difficult>0</difficult>
		<bndbox>
			<xmin>150</xmin>
			<ymin>399</ymin>
			<xmax>328</xmax>
			<ymax>500</ymax>
		</bndbox>
	</object>
	<object>
		<name>fire</name>
		<pose>Unspecified</pose>
		<truncated>0</truncated>
		<difficult>0</difficult>
		<bndbox>
			<xmin>365</xmin>
			<ymin>408</ymin>
			<xmax>474</xmax>
			<ymax>483</ymax>
		</bndbox>
	</object>
	<object>
		<name>fire</name>
		<pose>Unspecified</pose>
		<truncated>0</truncated>
		<difficult>0</difficult>
		<bndbox>
			<xmin>532</xmin>
			<ymin>403</ymin>
			<xmax>608</xmax>
			<ymax>448</ymax>
		</bndbox>
	</object>
	<object>
		<name>fire</name>
		<pose>Unspecified</pose>
		<truncated>0</truncated>
		<difficult>0</difficult>
		<bndbox>
			<xmin>702</xmin>
			<ymin>471</ymin>
			<xmax>770</xmax>
			<ymax>515</ymax>
		</bndbox>
	</object>
	<object>
		<name>fire</name>
		<pose>Unspecified</pose>
		<truncated>0</truncated>
		<difficult>0</difficult>
		<bndbox>
			<xmin>815</xmin>
			<ymin>472</ymin>
			<xmax>913</xmax>
			<ymax>545</ymax>
		</bndbox>
	</object>
</annotation>
