<annotation>
	<folder>JPEGImages</folder>
	<filename>0331.jpg</filename>
	<path>F:\01.dataset\Fire-Smoke-Dataset\JPEGImages\0331.jpg</path>
	<source>
		<database>Unknown</database>
	</source>
	<size>
		<width>634</width>
		<height>391</height>
		<depth>3</depth>
	</size>
	<segmented>0</segmented>
	<object>
		<name>fire</name>
		<pose>Unspecified</pose>
		<truncated>0</truncated>
		<difficult>0</difficult>
		<bndbox>
			<xmin>95</xmin>
			<ymin>4</ymin>
			<xmax>476</xmax>
			<ymax>272</ymax>
		</bndbox>
	</object>
	<object>
		<name>fire</name>
		<pose>Unspecified</pose>
		<truncated>0</truncated>
		<difficult>0</difficult>
		<bndbox>
			<xmin>517</xmin>
			<ymin>58</ymin>
			<xmax>632</xmax>
			<ymax>201</ymax>
		</bndbox>
	</object>
</annotation>
