<annotation>
	<folder>JPEGImages</folder>
	<filename>0333.jpg</filename>
	<path>F:\01.dataset\Fire-Smoke-Dataset\JPEGImages\0333.jpg</path>
	<source>
		<database>Unknown</database>
	</source>
	<size>
		<width>552</width>
		<height>300</height>
		<depth>3</depth>
	</size>
	<segmented>0</segmented>
	<object>
		<name>fire</name>
		<pose>Unspecified</pose>
		<truncated>1</truncated>
		<difficult>0</difficult>
		<bndbox>
			<xmin>1</xmin>
			<ymin>2</ymin>
			<xmax>183</xmax>
			<ymax>300</ymax>
		</bndbox>
	</object>
	<object>
		<name>fire</name>
		<pose>Unspecified</pose>
		<truncated>1</truncated>
		<difficult>0</difficult>
		<bndbox>
			<xmin>274</xmin>
			<ymin>32</ymin>
			<xmax>550</xmax>
			<ymax>300</ymax>
		</bndbox>
	</object>
</annotation>
