<annotation>
	<folder>vehicle_fire</folder>
	<filename>263bde89-1453-4eb3-b6ec-c97b5525d24c.jpg</filename>
	<path>F:\DataSets\hlw_fire_data\vehicle_fire\263bde89-1453-4eb3-b6ec-c97b5525d24c.jpg</path>
	<source>
		<database>Unknown</database>
	</source>
	<size>
		<width>498</width>
		<height>334</height>
		<depth>3</depth>
	</size>
	<segmented>0</segmented>
	<object>
		<name>fire</name>
		<pose>Unspecified</pose>
		<truncated>0</truncated>
		<difficult>0</difficult>
		<bndbox>
			<xmin>24</xmin>
			<ymin>32</ymin>
			<xmax>265</xmax>
			<ymax>176</ymax>
		</bndbox>
	</object>
	<object>
		<name>fire</name>
		<pose>Unspecified</pose>
		<truncated>0</truncated>
		<difficult>0</difficult>
		<bndbox>
			<xmin>285</xmin>
			<ymin>94</ymin>
			<xmax>356</xmax>
			<ymax>150</ymax>
		</bndbox>
	</object>
</annotation>
