<annotation>
	<folder>vehicle_fire</folder>
	<filename>26f4e3b6-29fd-403e-91fd-c47f97a00209.jpg</filename>
	<path>F:\DataSets\hlw_fire_data\vehicle_fire\26f4e3b6-29fd-403e-91fd-c47f97a00209.jpg</path>
	<source>
		<database>Unknown</database>
	</source>
	<size>
		<width>467</width>
		<height>265</height>
		<depth>3</depth>
	</size>
	<segmented>0</segmented>
	<object>
		<name>fire</name>
		<pose>Unspecified</pose>
		<truncated>0</truncated>
		<difficult>0</difficult>
		<bndbox>
			<xmin>79</xmin>
			<ymin>112</ymin>
			<xmax>140</xmax>
			<ymax>154</ymax>
		</bndbox>
	</object>
	<object>
		<name>fire</name>
		<pose>Unspecified</pose>
		<truncated>0</truncated>
		<difficult>0</difficult>
		<bndbox>
			<xmin>170</xmin>
			<ymin>63</ymin>
			<xmax>256</xmax>
			<ymax>136</ymax>
		</bndbox>
	</object>
	<object>
		<name>fire</name>
		<pose>Unspecified</pose>
		<truncated>0</truncated>
		<difficult>0</difficult>
		<bndbox>
			<xmin>307</xmin>
			<ymin>120</ymin>
			<xmax>335</xmax>
			<ymax>140</ymax>
		</bndbox>
	</object>
</annotation>
