<annotation>
	<folder>forest_fire</folder>
	<filename>27689df2-fccd-427b-b168-256d8324fc67.jpg</filename>
	<path>F:\DataSets\hlw_fire_data\forest_fire\27689df2-fccd-427b-b168-256d8324fc67.jpg</path>
	<source>
		<database>Unknown</database>
	</source>
	<size>
		<width>500</width>
		<height>333</height>
		<depth>3</depth>
	</size>
	<segmented>0</segmented>
	<object>
		<name>fire</name>
		<pose>Unspecified</pose>
		<truncated>0</truncated>
		<difficult>0</difficult>
		<bndbox>
			<xmin>21</xmin>
			<ymin>181</ymin>
			<xmax>168</xmax>
			<ymax>258</ymax>
		</bndbox>
	</object>
	<object>
		<name>fire</name>
		<pose>Unspecified</pose>
		<truncated>0</truncated>
		<difficult>0</difficult>
		<bndbox>
			<xmin>201</xmin>
			<ymin>104</ymin>
			<xmax>375</xmax>
			<ymax>270</ymax>
		</bndbox>
	</object>
</annotation>
