<annotation>
	<folder>forest_fire</folder>
	<filename>27ae100e-4ecb-4989-9792-add592c1e2d9.jpg</filename>
	<path>F:\DataSets\hlw_fire_data\forest_fire\27ae100e-4ecb-4989-9792-add592c1e2d9.jpg</path>
	<source>
		<database>Unknown</database>
	</source>
	<size>
		<width>647</width>
		<height>431</height>
		<depth>3</depth>
	</size>
	<segmented>0</segmented>
	<object>
		<name>fire</name>
		<pose>Unspecified</pose>
		<truncated>0</truncated>
		<difficult>0</difficult>
		<bndbox>
			<xmin>3</xmin>
			<ymin>108</ymin>
			<xmax>232</xmax>
			<ymax>271</ymax>
		</bndbox>
	</object>
	<object>
		<name>fire</name>
		<pose>Unspecified</pose>
		<truncated>1</truncated>
		<difficult>0</difficult>
		<bndbox>
			<xmin>372</xmin>
			<ymin>269</ymin>
			<xmax>647</xmax>
			<ymax>404</ymax>
		</bndbox>
	</object>
</annotation>
