<annotation>
	<folder>vehicle_fire</folder>
	<filename>27c3d371-35f2-48a5-8c74-5dc1923196dc.jpg</filename>
	<path>F:\DataSets\hlw_fire_data\vehicle_fire\27c3d371-35f2-48a5-8c74-5dc1923196dc.jpg</path>
	<source>
		<database>Unknown</database>
	</source>
	<size>
		<width>600</width>
		<height>338</height>
		<depth>3</depth>
	</size>
	<segmented>0</segmented>
	<object>
		<name>fire</name>
		<pose>Unspecified</pose>
		<truncated>0</truncated>
		<difficult>0</difficult>
		<bndbox>
			<xmin>95</xmin>
			<ymin>246</ymin>
			<xmax>191</xmax>
			<ymax>309</ymax>
		</bndbox>
	</object>
	<object>
		<name>fire</name>
		<pose>Unspecified</pose>
		<truncated>0</truncated>
		<difficult>0</difficult>
		<bndbox>
			<xmin>316</xmin>
			<ymin>203</ymin>
			<xmax>405</xmax>
			<ymax>237</ymax>
		</bndbox>
	</object>
</annotation>
