<annotation>
	<folder>JPEGImages</folder>
	<filename>0341.jpg</filename>
	<path>F:\01.dataset\Fire-Smoke-Dataset\JPEGImages\0341.jpg</path>
	<source>
		<database>Unknown</database>
	</source>
	<size>
		<width>450</width>
		<height>253</height>
		<depth>3</depth>
	</size>
	<segmented>0</segmented>
	<object>
		<name>fire</name>
		<pose>Unspecified</pose>
		<truncated>0</truncated>
		<difficult>0</difficult>
		<bndbox>
			<xmin>112</xmin>
			<ymin>33</ymin>
			<xmax>421</xmax>
			<ymax>176</ymax>
		</bndbox>
	</object>
	<object>
		<name>fire</name>
		<pose>Unspecified</pose>
		<truncated>0</truncated>
		<difficult>0</difficult>
		<bndbox>
			<xmin>117</xmin>
			<ymin>202</ymin>
			<xmax>414</xmax>
			<ymax>229</ymax>
		</bndbox>
	</object>
</annotation>
