<annotation>
	<folder>JPEGImages</folder>
	<filename>0342.jpg</filename>
	<path>F:\01.dataset\Fire-Smoke-Dataset\JPEGImages\0342.jpg</path>
	<source>
		<database>Unknown</database>
	</source>
	<size>
		<width>634</width>
		<height>336</height>
		<depth>3</depth>
	</size>
	<segmented>0</segmented>
	<object>
		<name>fire</name>
		<pose>Unspecified</pose>
		<truncated>0</truncated>
		<difficult>0</difficult>
		<bndbox>
			<xmin>360</xmin>
			<ymin>45</ymin>
			<xmax>574</xmax>
			<ymax>157</ymax>
		</bndbox>
	</object>
</annotation>
