<annotation>
	<folder>building_fire</folder>
	<filename>281b7ec3-cf50-474e-a0a5-1fffff956c4e.jpg</filename>
	<path>F:\DataSets\hlw_fire_data\building_fire\281b7ec3-cf50-474e-a0a5-1fffff956c4e.jpg</path>
	<source>
		<database>Unknown</database>
	</source>
	<size>
		<width>190</width>
		<height>110</height>
		<depth>3</depth>
	</size>
	<segmented>0</segmented>
	<object>
		<name>fire</name>
		<pose>Unspecified</pose>
		<truncated>0</truncated>
		<difficult>0</difficult>
		<bndbox>
			<xmin>11</xmin>
			<ymin>33</ymin>
			<xmax>114</xmax>
			<ymax>58</ymax>
		</bndbox>
	</object>
</annotation>
