<annotation>
	<folder>JPEGImages</folder>
	<filename>0344.jpg</filename>
	<path>F:\01.dataset\Fire-Smoke-Dataset\JPEGImages\0344.jpg</path>
	<source>
		<database>Unknown</database>
	</source>
	<size>
		<width>700</width>
		<height>430</height>
		<depth>3</depth>
	</size>
	<segmented>0</segmented>
	<object>
		<name>fire</name>
		<pose>Unspecified</pose>
		<truncated>0</truncated>
		<difficult>0</difficult>
		<bndbox>
			<xmin>293</xmin>
			<ymin>179</ymin>
			<xmax>570</xmax>
			<ymax>428</ymax>
		</bndbox>
	</object>
</annotation>
