<annotation>
	<folder>vehicle_fire</folder>
	<filename>2843023b-a0ab-4647-b4d0-d48d841402b8.jpg</filename>
	<path>F:\DataSets\hlw_fire_data\vehicle_fire\2843023b-a0ab-4647-b4d0-d48d841402b8.jpg</path>
	<source>
		<database>Unknown</database>
	</source>
	<size>
		<width>500</width>
		<height>297</height>
		<depth>3</depth>
	</size>
	<segmented>0</segmented>
	<object>
		<name>fire</name>
		<pose>Unspecified</pose>
		<truncated>0</truncated>
		<difficult>0</difficult>
		<bndbox>
			<xmin>165</xmin>
			<ymin>31</ymin>
			<xmax>297</xmax>
			<ymax>182</ymax>
		</bndbox>
	</object>
	<object>
		<name>fire</name>
		<pose>Unspecified</pose>
		<truncated>0</truncated>
		<difficult>0</difficult>
		<bndbox>
			<xmin>303</xmin>
			<ymin>120</ymin>
			<xmax>403</xmax>
			<ymax>252</ymax>
		</bndbox>
	</object>
</annotation>
