<annotation>
	<folder>JPEGImages</folder>
	<filename>0347.jpg</filename>
	<path>F:\01.dataset\Fire-Smoke-Dataset\JPEGImages\0347.jpg</path>
	<source>
		<database>Unknown</database>
	</source>
	<size>
		<width>1920</width>
		<height>1379</height>
		<depth>3</depth>
	</size>
	<segmented>0</segmented>
	<object>
		<name>fire</name>
		<pose>Unspecified</pose>
		<truncated>0</truncated>
		<difficult>0</difficult>
		<bndbox>
			<xmin>2</xmin>
			<ymin>124</ymin>
			<xmax>1899</xmax>
			<ymax>1367</ymax>
		</bndbox>
	</object>
</annotation>
