<annotation>
	<folder>grassland_fire</folder>
	<filename>2898814f-c71d-4b00-887a-588169125b69.jpg</filename>
	<path>F:\DataSets\hlw_fire_data\grassland_fire\2898814f-c71d-4b00-887a-588169125b69.jpg</path>
	<source>
		<database>Unknown</database>
	</source>
	<size>
		<width>500</width>
		<height>300</height>
		<depth>3</depth>
	</size>
	<segmented>0</segmented>
	<object>
		<name>fire</name>
		<pose>Unspecified</pose>
		<truncated>0</truncated>
		<difficult>0</difficult>
		<bndbox>
			<xmin>119</xmin>
			<ymin>227</ymin>
			<xmax>162</xmax>
			<ymax>293</ymax>
		</bndbox>
	</object>
	<object>
		<name>fire</name>
		<pose>Unspecified</pose>
		<truncated>0</truncated>
		<difficult>0</difficult>
		<bndbox>
			<xmin>212</xmin>
			<ymin>14</ymin>
			<xmax>496</xmax>
			<ymax>208</ymax>
		</bndbox>
	</object>
</annotation>
