<annotation>
	<folder>JPEGImages</folder>
	<filename>0350.jpg</filename>
	<path>F:\01.dataset\Fire-Smoke-Dataset\JPEGImages\0350.jpg</path>
	<source>
		<database>Unknown</database>
	</source>
	<size>
		<width>400</width>
		<height>300</height>
		<depth>3</depth>
	</size>
	<segmented>0</segmented>
	<object>
		<name>fire</name>
		<pose>Unspecified</pose>
		<truncated>0</truncated>
		<difficult>0</difficult>
		<bndbox>
			<xmin>2</xmin>
			<ymin>7</ymin>
			<xmax>218</xmax>
			<ymax>249</ymax>
		</bndbox>
	</object>
	<object>
		<name>fire</name>
		<pose>Unspecified</pose>
		<truncated>0</truncated>
		<difficult>0</difficult>
		<bndbox>
			<xmin>284</xmin>
			<ymin>64</ymin>
			<xmax>365</xmax>
			<ymax>177</ymax>
		</bndbox>
	</object>
</annotation>
