<annotation>
	<folder>building_fire</folder>
	<filename>28c91459-0a93-401f-8d0e-96edd26d4071.jpg</filename>
	<path>F:\DataSets\hlw_fire_data\building_fire\28c91459-0a93-401f-8d0e-96edd26d4071.jpg</path>
	<source>
		<database>Unknown</database>
	</source>
	<size>
		<width>440</width>
		<height>495</height>
		<depth>3</depth>
	</size>
	<segmented>0</segmented>
	<object>
		<name>fire</name>
		<pose>Unspecified</pose>
		<truncated>0</truncated>
		<difficult>0</difficult>
		<bndbox>
			<xmin>52</xmin>
			<ymin>175</ymin>
			<xmax>388</xmax>
			<ymax>372</ymax>
		</bndbox>
	</object>
</annotation>
