<annotation>
	<folder>building_fire</folder>
	<filename>291fd441-e65d-4476-971c-e172c3fd9700.jpg</filename>
	<path>F:\DataSets\hlw_fire_data\building_fire\291fd441-e65d-4476-971c-e172c3fd9700.jpg</path>
	<source>
		<database>Unknown</database>
	</source>
	<size>
		<width>521</width>
		<height>322</height>
		<depth>3</depth>
	</size>
	<segmented>0</segmented>
	<object>
		<name>fire</name>
		<pose>Unspecified</pose>
		<truncated>0</truncated>
		<difficult>0</difficult>
		<bndbox>
			<xmin>44</xmin>
			<ymin>22</ymin>
			<xmax>75</xmax>
			<ymax>110</ymax>
		</bndbox>
	</object>
	<object>
		<name>fire</name>
		<pose>Unspecified</pose>
		<truncated>0</truncated>
		<difficult>0</difficult>
		<bndbox>
			<xmin>83</xmin>
			<ymin>58</ymin>
			<xmax>154</xmax>
			<ymax>237</ymax>
		</bndbox>
	</object>
	<object>
		<name>fire</name>
		<pose>Unspecified</pose>
		<truncated>0</truncated>
		<difficult>0</difficult>
		<bndbox>
			<xmin>179</xmin>
			<ymin>35</ymin>
			<xmax>280</xmax>
			<ymax>221</ymax>
		</bndbox>
	</object>
</annotation>
