<annotation>
	<folder>forest_fire</folder>
	<filename>29843511-c207-43b5-92d6-3c4c787499c7.jpg</filename>
	<path>F:\DataSets\hlw_fire_data\forest_fire\29843511-c207-43b5-92d6-3c4c787499c7.jpg</path>
	<source>
		<database>Unknown</database>
	</source>
	<size>
		<width>600</width>
		<height>400</height>
		<depth>3</depth>
	</size>
	<segmented>0</segmented>
	<object>
		<name>fire</name>
		<pose>Unspecified</pose>
		<truncated>0</truncated>
		<difficult>0</difficult>
		<bndbox>
			<xmin>267</xmin>
			<ymin>249</ymin>
			<xmax>383</xmax>
			<ymax>392</ymax>
		</bndbox>
	</object>
	<object>
		<name>fire</name>
		<pose>Unspecified</pose>
		<truncated>0</truncated>
		<difficult>0</difficult>
		<bndbox>
			<xmin>409</xmin>
			<ymin>184</ymin>
			<xmax>446</xmax>
			<ymax>240</ymax>
		</bndbox>
	</object>
	<object>
		<name>fire</name>
		<pose>Unspecified</pose>
		<truncated>0</truncated>
		<difficult>0</difficult>
		<bndbox>
			<xmin>517</xmin>
			<ymin>309</ymin>
			<xmax>598</xmax>
			<ymax>387</ymax>
		</bndbox>
	</object>
</annotation>
