<annotation>
	<folder>JPEGImages</folder>
	<filename>0355.jpg</filename>
	<path>F:\01.dataset\Fire-Smoke-Dataset\JPEGImages\0355.jpg</path>
	<source>
		<database>Unknown</database>
	</source>
	<size>
		<width>799</width>
		<height>531</height>
		<depth>3</depth>
	</size>
	<segmented>0</segmented>
	<object>
		<name>fire</name>
		<pose>Unspecified</pose>
		<truncated>0</truncated>
		<difficult>0</difficult>
		<bndbox>
			<xmin>506</xmin>
			<ymin>130</ymin>
			<xmax>678</xmax>
			<ymax>295</ymax>
		</bndbox>
	</object>
	<object>
		<name>fire</name>
		<pose>Unspecified</pose>
		<truncated>0</truncated>
		<difficult>0</difficult>
		<bndbox>
			<xmin>395</xmin>
			<ymin>182</ymin>
			<xmax>501</xmax>
			<ymax>348</ymax>
		</bndbox>
	</object>
	<object>
		<name>fire</name>
		<pose>Unspecified</pose>
		<truncated>0</truncated>
		<difficult>0</difficult>
		<bndbox>
			<xmin>266</xmin>
			<ymin>162</ymin>
			<xmax>354</xmax>
			<ymax>289</ymax>
		</bndbox>
	</object>
	<object>
		<name>fire</name>
		<pose>Unspecified</pose>
		<truncated>0</truncated>
		<difficult>0</difficult>
		<bndbox>
			<xmin>654</xmin>
			<ymin>392</ymin>
			<xmax>763</xmax>
			<ymax>453</ymax>
		</bndbox>
	</object>
</annotation>
