<annotation>
	<folder>forest_fire</folder>
	<filename>29926960-cb60-4ec5-aecd-8a2ed924058b.jpg</filename>
	<path>F:\DataSets\hlw_fire_data\forest_fire\29926960-cb60-4ec5-aecd-8a2ed924058b.jpg</path>
	<source>
		<database>Unknown</database>
	</source>
	<size>
		<width>500</width>
		<height>336</height>
		<depth>3</depth>
	</size>
	<segmented>0</segmented>
	<object>
		<name>fire</name>
		<pose>Unspecified</pose>
		<truncated>0</truncated>
		<difficult>0</difficult>
		<bndbox>
			<xmin>35</xmin>
			<ymin>56</ymin>
			<xmax>342</xmax>
			<ymax>275</ymax>
		</bndbox>
	</object>
	<object>
		<name>fire</name>
		<pose>Unspecified</pose>
		<truncated>0</truncated>
		<difficult>0</difficult>
		<bndbox>
			<xmin>352</xmin>
			<ymin>188</ymin>
			<xmax>378</xmax>
			<ymax>286</ymax>
		</bndbox>
	</object>
	<object>
		<name>fire</name>
		<pose>Unspecified</pose>
		<truncated>0</truncated>
		<difficult>0</difficult>
		<bndbox>
			<xmin>395</xmin>
			<ymin>197</ymin>
			<xmax>425</xmax>
			<ymax>255</ymax>
		</bndbox>
	</object>
	<object>
		<name>fire</name>
		<pose>Unspecified</pose>
		<truncated>0</truncated>
		<difficult>0</difficult>
		<bndbox>
			<xmin>441</xmin>
			<ymin>198</ymin>
			<xmax>479</xmax>
			<ymax>305</ymax>
		</bndbox>
	</object>
</annotation>
