<annotation>
	<folder>vehicle_fire</folder>
	<filename>299d5ab1-84ae-44fb-91bb-eea0a51ab8d8.jpg</filename>
	<path>F:\DataSets\hlw_fire_data\vehicle_fire\299d5ab1-84ae-44fb-91bb-eea0a51ab8d8.jpg</path>
	<source>
		<database>Unknown</database>
	</source>
	<size>
		<width>496</width>
		<height>280</height>
		<depth>3</depth>
	</size>
	<segmented>0</segmented>
	<object>
		<name>fire</name>
		<pose>Unspecified</pose>
		<truncated>0</truncated>
		<difficult>0</difficult>
		<bndbox>
			<xmin>10</xmin>
			<ymin>97</ymin>
			<xmax>117</xmax>
			<ymax>211</ymax>
		</bndbox>
	</object>
</annotation>
