<annotation>
	<folder>JPEGImages</folder>
	<filename>0358.jpg</filename>
	<path>F:\01.dataset\Fire-Smoke-Dataset\JPEGImages\0358.jpg</path>
	<source>
		<database>Unknown</database>
	</source>
	<size>
		<width>400</width>
		<height>288</height>
		<depth>3</depth>
	</size>
	<segmented>0</segmented>
	<object>
		<name>fire</name>
		<pose>Unspecified</pose>
		<truncated>0</truncated>
		<difficult>0</difficult>
		<bndbox>
			<xmin>56</xmin>
			<ymin>113</ymin>
			<xmax>396</xmax>
			<ymax>220</ymax>
		</bndbox>
	</object>
	<object>
		<name>fire</name>
		<pose>Unspecified</pose>
		<truncated>0</truncated>
		<difficult>0</difficult>
		<bndbox>
			<xmin>3</xmin>
			<ymin>201</ymin>
			<xmax>32</xmax>
			<ymax>236</ymax>
		</bndbox>
	</object>
</annotation>
