<annotation>
	<folder>forest_fire</folder>
	<filename>2aa55fa4-969a-48ea-bb11-90b4de3d07ae.jpg</filename>
	<path>F:\DataSets\hlw_fire_data\forest_fire\2aa55fa4-969a-48ea-bb11-90b4de3d07ae.jpg</path>
	<source>
		<database>Unknown</database>
	</source>
	<size>
		<width>900</width>
		<height>642</height>
		<depth>3</depth>
	</size>
	<segmented>0</segmented>
	<object>
		<name>fire</name>
		<pose>Unspecified</pose>
		<truncated>0</truncated>
		<difficult>0</difficult>
		<bndbox>
			<xmin>346</xmin>
			<ymin>249</ymin>
			<xmax>521</xmax>
			<ymax>410</ymax>
		</bndbox>
	</object>
	<object>
		<name>fire</name>
		<pose>Unspecified</pose>
		<truncated>0</truncated>
		<difficult>0</difficult>
		<bndbox>
			<xmin>656</xmin>
			<ymin>332</ymin>
			<xmax>777</xmax>
			<ymax>453</ymax>
		</bndbox>
	</object>
</annotation>
