<annotation>
	<folder>forest_fire</folder>
	<filename>2b8c0e0d-4336-4e94-9dd8-7f26c15dc542.jpg</filename>
	<path>F:\DataSets\hlw_fire_data\forest_fire\2b8c0e0d-4336-4e94-9dd8-7f26c15dc542.jpg</path>
	<source>
		<database>Unknown</database>
	</source>
	<size>
		<width>600</width>
		<height>343</height>
		<depth>3</depth>
	</size>
	<segmented>0</segmented>
	<object>
		<name>fire</name>
		<pose>Unspecified</pose>
		<truncated>0</truncated>
		<difficult>0</difficult>
		<bndbox>
			<xmin>37</xmin>
			<ymin>103</ymin>
			<xmax>217</xmax>
			<ymax>174</ymax>
		</bndbox>
	</object>
	<object>
		<name>fire</name>
		<pose>Unspecified</pose>
		<truncated>0</truncated>
		<difficult>0</difficult>
		<bndbox>
			<xmin>234</xmin>
			<ymin>136</ymin>
			<xmax>517</xmax>
			<ymax>228</ymax>
		</bndbox>
	</object>
</annotation>
