<annotation>
	<folder>JPEGImages</folder>
	<filename>0363.jpg</filename>
	<path>F:\01.dataset\Fire-Smoke-Dataset\JPEGImages\0363.jpg</path>
	<source>
		<database>Unknown</database>
	</source>
	<size>
		<width>580</width>
		<height>330</height>
		<depth>3</depth>
	</size>
	<segmented>0</segmented>
	<object>
		<name>fire</name>
		<pose>Unspecified</pose>
		<truncated>1</truncated>
		<difficult>0</difficult>
		<bndbox>
			<xmin>5</xmin>
			<ymin>264</ymin>
			<xmax>580</xmax>
			<ymax>329</ymax>
		</bndbox>
	</object>
	<object>
		<name>fire</name>
		<pose>Unspecified</pose>
		<truncated>0</truncated>
		<difficult>0</difficult>
		<bndbox>
			<xmin>150</xmin>
			<ymin>131</ymin>
			<xmax>269</xmax>
			<ymax>236</ymax>
		</bndbox>
	</object>
	<object>
		<name>fire</name>
		<pose>Unspecified</pose>
		<truncated>0</truncated>
		<difficult>0</difficult>
		<bndbox>
			<xmin>341</xmin>
			<ymin>130</ymin>
			<xmax>465</xmax>
			<ymax>262</ymax>
		</bndbox>
	</object>
</annotation>
