<annotation>
	<folder>forest_fire</folder>
	<filename>2c2a4c6f-21cf-4348-9186-ff0d24a96082.jpg</filename>
	<path>F:\DataSets\hlw_fire_data\forest_fire\2c2a4c6f-21cf-4348-9186-ff0d24a96082.jpg</path>
	<source>
		<database>Unknown</database>
	</source>
	<size>
		<width>450</width>
		<height>600</height>
		<depth>3</depth>
	</size>
	<segmented>0</segmented>
	<object>
		<name>fire</name>
		<pose>Unspecified</pose>
		<truncated>0</truncated>
		<difficult>0</difficult>
		<bndbox>
			<xmin>179</xmin>
			<ymin>286</ymin>
			<xmax>378</xmax>
			<ymax>527</ymax>
		</bndbox>
	</object>
	<object>
		<name>fire</name>
		<pose>Unspecified</pose>
		<truncated>0</truncated>
		<difficult>0</difficult>
		<bndbox>
			<xmin>319</xmin>
			<ymin>219</ymin>
			<xmax>414</xmax>
			<ymax>276</ymax>
		</bndbox>
	</object>
</annotation>
