<annotation>
	<folder>JPEGImages</folder>
	<filename>0366.jpg</filename>
	<path>F:\01.dataset\Fire-Smoke-Dataset\JPEGImages\0366.jpg</path>
	<source>
		<database>Unknown</database>
	</source>
	<size>
		<width>1024</width>
		<height>768</height>
		<depth>3</depth>
	</size>
	<segmented>0</segmented>
	<object>
		<name>fire</name>
		<pose>Unspecified</pose>
		<truncated>0</truncated>
		<difficult>0</difficult>
		<bndbox>
			<xmin>256</xmin>
			<ymin>313</ymin>
			<xmax>679</xmax>
			<ymax>546</ymax>
		</bndbox>
	</object>
</annotation>
