<annotation>
	<folder>vehicle_fire</folder>
	<filename>2d73e279-e1ff-4d87-844d-24e52bedb957.jpg</filename>
	<path>F:\DataSets\hlw_fire_data\vehicle_fire\2d73e279-e1ff-4d87-844d-24e52bedb957.jpg</path>
	<source>
		<database>Unknown</database>
	</source>
	<size>
		<width>690</width>
		<height>730</height>
		<depth>3</depth>
	</size>
	<segmented>0</segmented>
	<object>
		<name>fire</name>
		<pose>Unspecified</pose>
		<truncated>0</truncated>
		<difficult>0</difficult>
		<bndbox>
			<xmin>500</xmin>
			<ymin>50</ymin>
			<xmax>688</xmax>
			<ymax>604</ymax>
		</bndbox>
	</object>
</annotation>
