<annotation>
	<folder>forest_fire</folder>
	<filename>2daa206d-f8cf-4029-89b3-a3f8100a93dd.jpg</filename>
	<path>F:\DataSets\hlw_fire_data\forest_fire\2daa206d-f8cf-4029-89b3-a3f8100a93dd.jpg</path>
	<source>
		<database>Unknown</database>
	</source>
	<size>
		<width>800</width>
		<height>533</height>
		<depth>3</depth>
	</size>
	<segmented>0</segmented>
	<object>
		<name>fire</name>
		<pose>Unspecified</pose>
		<truncated>0</truncated>
		<difficult>0</difficult>
		<bndbox>
			<xmin>33</xmin>
			<ymin>276</ymin>
			<xmax>92</xmax>
			<ymax>333</ymax>
		</bndbox>
	</object>
	<object>
		<name>fire</name>
		<pose>Unspecified</pose>
		<truncated>0</truncated>
		<difficult>0</difficult>
		<bndbox>
			<xmin>131</xmin>
			<ymin>280</ymin>
			<xmax>197</xmax>
			<ymax>357</ymax>
		</bndbox>
	</object>
	<object>
		<name>fire</name>
		<pose>Unspecified</pose>
		<truncated>0</truncated>
		<difficult>0</difficult>
		<bndbox>
			<xmin>204</xmin>
			<ymin>270</ymin>
			<xmax>306</xmax>
			<ymax>360</ymax>
		</bndbox>
	</object>
	<object>
		<name>fire</name>
		<pose>Unspecified</pose>
		<truncated>0</truncated>
		<difficult>0</difficult>
		<bndbox>
			<xmin>317</xmin>
			<ymin>268</ymin>
			<xmax>487</xmax>
			<ymax>376</ymax>
		</bndbox>
	</object>
</annotation>
