<annotation>
	<folder>JPEGImages</folder>
	<filename>0372.jpg</filename>
	<path>F:\01.dataset\Fire-Smoke-Dataset\JPEGImages\0372.jpg</path>
	<source>
		<database>Unknown</database>
	</source>
	<size>
		<width>456</width>
		<height>261</height>
		<depth>3</depth>
	</size>
	<segmented>0</segmented>
	<object>
		<name>fire</name>
		<pose>Unspecified</pose>
		<truncated>1</truncated>
		<difficult>0</difficult>
		<bndbox>
			<xmin>62</xmin>
			<ymin>1</ymin>
			<xmax>456</xmax>
			<ymax>258</ymax>
		</bndbox>
	</object>
</annotation>
