<annotation>
	<folder>JPEGImages</folder>
	<filename>0375.jpg</filename>
	<path>F:\01.dataset\Fire-Smoke-Dataset\JPEGImages\0375.jpg</path>
	<source>
		<database>Unknown</database>
	</source>
	<size>
		<width>380</width>
		<height>253</height>
		<depth>3</depth>
	</size>
	<segmented>0</segmented>
	<object>
		<name>fire</name>
		<pose>Unspecified</pose>
		<truncated>0</truncated>
		<difficult>0</difficult>
		<bndbox>
			<xmin>281</xmin>
			<ymin>74</ymin>
			<xmax>374</xmax>
			<ymax>174</ymax>
		</bndbox>
	</object>
	<object>
		<name>fire</name>
		<pose>Unspecified</pose>
		<truncated>0</truncated>
		<difficult>0</difficult>
		<bndbox>
			<xmin>202</xmin>
			<ymin>142</ymin>
			<xmax>269</xmax>
			<ymax>177</ymax>
		</bndbox>
	</object>
</annotation>
