<annotation>
	<folder>vehicle_fire</folder>
	<filename>2fcf751f-7ca9-4d32-b3d1-cb55743c0ffc.jpg</filename>
	<path>F:\DataSets\hlw_fire_data\vehicle_fire\2fcf751f-7ca9-4d32-b3d1-cb55743c0ffc.jpg</path>
	<source>
		<database>Unknown</database>
	</source>
	<size>
		<width>409</width>
		<height>269</height>
		<depth>3</depth>
	</size>
	<segmented>0</segmented>
	<object>
		<name>fire</name>
		<pose>Unspecified</pose>
		<truncated>0</truncated>
		<difficult>0</difficult>
		<bndbox>
			<xmin>40</xmin>
			<ymin>120</ymin>
			<xmax>154</xmax>
			<ymax>222</ymax>
		</bndbox>
	</object>
	<object>
		<name>fire</name>
		<pose>Unspecified</pose>
		<truncated>0</truncated>
		<difficult>0</difficult>
		<bndbox>
			<xmin>234</xmin>
			<ymin>136</ymin>
			<xmax>395</xmax>
			<ymax>208</ymax>
		</bndbox>
	</object>
</annotation>
