<annotation>
	<folder>vehicle_fire</folder>
	<filename>2fe8d7da-86fc-47fc-a685-8b1ad1dd75c6.jpg</filename>
	<path>F:\DataSets\hlw_fire_data\vehicle_fire\2fe8d7da-86fc-47fc-a685-8b1ad1dd75c6.jpg</path>
	<source>
		<database>Unknown</database>
	</source>
	<size>
		<width>500</width>
		<height>300</height>
		<depth>3</depth>
	</size>
	<segmented>0</segmented>
	<object>
		<name>fire</name>
		<pose>Unspecified</pose>
		<truncated>0</truncated>
		<difficult>0</difficult>
		<bndbox>
			<xmin>111</xmin>
			<ymin>3</ymin>
			<xmax>483</xmax>
			<ymax>130</ymax>
		</bndbox>
	</object>
	<object>
		<name>fire</name>
		<pose>Unspecified</pose>
		<truncated>0</truncated>
		<difficult>0</difficult>
		<bndbox>
			<xmin>236</xmin>
			<ymin>242</ymin>
			<xmax>321</xmax>
			<ymax>267</ymax>
		</bndbox>
	</object>
	<object>
		<name>fire</name>
		<pose>Unspecified</pose>
		<truncated>0</truncated>
		<difficult>0</difficult>
		<bndbox>
			<xmin>137</xmin>
			<ymin>251</ymin>
			<xmax>161</xmax>
			<ymax>264</ymax>
		</bndbox>
	</object>
</annotation>
