<annotation>
	<folder>forest_fire</folder>
	<filename>3035b58a-eba8-4cc2-93dd-ad5cc48ebb2e.jpg</filename>
	<path>F:\DataSets\hlw_fire_data\forest_fire\3035b58a-eba8-4cc2-93dd-ad5cc48ebb2e.jpg</path>
	<source>
		<database>Unknown</database>
	</source>
	<size>
		<width>640</width>
		<height>360</height>
		<depth>3</depth>
	</size>
	<segmented>0</segmented>
	<object>
		<name>fire</name>
		<pose>Unspecified</pose>
		<truncated>0</truncated>
		<difficult>0</difficult>
		<bndbox>
			<xmin>102</xmin>
			<ymin>99</ymin>
			<xmax>460</xmax>
			<ymax>338</ymax>
		</bndbox>
	</object>
	<object>
		<name>fire</name>
		<pose>Unspecified</pose>
		<truncated>0</truncated>
		<difficult>0</difficult>
		<bndbox>
			<xmin>499</xmin>
			<ymin>63</ymin>
			<xmax>638</xmax>
			<ymax>210</ymax>
		</bndbox>
	</object>
</annotation>
