<annotation>
	<folder>forest_fire</folder>
	<filename>306b3165-0ed4-4270-ba5f-8535c1b02c96.jpg</filename>
	<path>F:\DataSets\hlw_fire_data\forest_fire\306b3165-0ed4-4270-ba5f-8535c1b02c96.jpg</path>
	<source>
		<database>Unknown</database>
	</source>
	<size>
		<width>500</width>
		<height>332</height>
		<depth>3</depth>
	</size>
	<segmented>0</segmented>
	<object>
		<name>fire</name>
		<pose>Unspecified</pose>
		<truncated>0</truncated>
		<difficult>0</difficult>
		<bndbox>
			<xmin>39</xmin>
			<ymin>181</ymin>
			<xmax>124</xmax>
			<ymax>224</ymax>
		</bndbox>
	</object>
	<object>
		<name>fire</name>
		<pose>Unspecified</pose>
		<truncated>0</truncated>
		<difficult>0</difficult>
		<bndbox>
			<xmin>168</xmin>
			<ymin>192</ymin>
			<xmax>250</xmax>
			<ymax>238</ymax>
		</bndbox>
	</object>
	<object>
		<name>fire</name>
		<pose>Unspecified</pose>
		<truncated>0</truncated>
		<difficult>0</difficult>
		<bndbox>
			<xmin>266</xmin>
			<ymin>70</ymin>
			<xmax>351</xmax>
			<ymax>133</ymax>
		</bndbox>
	</object>
</annotation>
