<annotation>
	<folder>forest_fire</folder>
	<filename>30d188b1-7f13-4e36-a24c-12572cab3bf1.jpg</filename>
	<path>F:\DataSets\hlw_fire_data\forest_fire\30d188b1-7f13-4e36-a24c-12572cab3bf1.jpg</path>
	<source>
		<database>Unknown</database>
	</source>
	<size>
		<width>640</width>
		<height>480</height>
		<depth>3</depth>
	</size>
	<segmented>0</segmented>
	<object>
		<name>fire</name>
		<pose>Unspecified</pose>
		<truncated>0</truncated>
		<difficult>0</difficult>
		<bndbox>
			<xmin>132</xmin>
			<ymin>248</ymin>
			<xmax>215</xmax>
			<ymax>298</ymax>
		</bndbox>
	</object>
	<object>
		<name>fire</name>
		<pose>Unspecified</pose>
		<truncated>0</truncated>
		<difficult>0</difficult>
		<bndbox>
			<xmin>273</xmin>
			<ymin>107</ymin>
			<xmax>639</xmax>
			<ymax>469</ymax>
		</bndbox>
	</object>
</annotation>
