<annotation>
	<folder>forest_fire</folder>
	<filename>310c35f9-1845-4437-af4a-38e4354d72d7.jpg</filename>
	<path>F:\DataSets\hlw_fire_data\forest_fire\310c35f9-1845-4437-af4a-38e4354d72d7.jpg</path>
	<source>
		<database>Unknown</database>
	</source>
	<size>
		<width>300</width>
		<height>200</height>
		<depth>3</depth>
	</size>
	<segmented>0</segmented>
	<object>
		<name>fire</name>
		<pose>Unspecified</pose>
		<truncated>0</truncated>
		<difficult>0</difficult>
		<bndbox>
			<xmin>67</xmin>
			<ymin>35</ymin>
			<xmax>152</xmax>
			<ymax>95</ymax>
		</bndbox>
	</object>
	<object>
		<name>fire</name>
		<pose>Unspecified</pose>
		<truncated>0</truncated>
		<difficult>0</difficult>
		<bndbox>
			<xmin>107</xmin>
			<ymin>145</ymin>
			<xmax>168</xmax>
			<ymax>190</ymax>
		</bndbox>
	</object>
</annotation>
