<annotation>
	<folder>forest_fire</folder>
	<filename>315f8c8d-e7fc-4d77-af81-5d1fb6e515fb.jpg</filename>
	<path>F:\DataSets\hlw_fire_data\forest_fire\315f8c8d-e7fc-4d77-af81-5d1fb6e515fb.jpg</path>
	<source>
		<database>Unknown</database>
	</source>
	<size>
		<width>650</width>
		<height>438</height>
		<depth>3</depth>
	</size>
	<segmented>0</segmented>
	<object>
		<name>fire</name>
		<pose>Unspecified</pose>
		<truncated>0</truncated>
		<difficult>0</difficult>
		<bndbox>
			<xmin>367</xmin>
			<ymin>202</ymin>
			<xmax>471</xmax>
			<ymax>335</ymax>
		</bndbox>
	</object>
	<object>
		<name>fire</name>
		<pose>Unspecified</pose>
		<truncated>0</truncated>
		<difficult>0</difficult>
		<bndbox>
			<xmin>123</xmin>
			<ymin>252</ymin>
			<xmax>145</xmax>
			<ymax>294</ymax>
		</bndbox>
	</object>
</annotation>
