<annotation>
	<folder>forest_fire</folder>
	<filename>318db113-d485-40f2-b88a-944aee2415a2.jpg</filename>
	<path>F:\DataSets\hlw_fire_data\forest_fire\318db113-d485-40f2-b88a-944aee2415a2.jpg</path>
	<source>
		<database>Unknown</database>
	</source>
	<size>
		<width>640</width>
		<height>447</height>
		<depth>3</depth>
	</size>
	<segmented>0</segmented>
	<object>
		<name>fire</name>
		<pose>Unspecified</pose>
		<truncated>0</truncated>
		<difficult>0</difficult>
		<bndbox>
			<xmin>59</xmin>
			<ymin>175</ymin>
			<xmax>89</xmax>
			<ymax>272</ymax>
		</bndbox>
	</object>
	<object>
		<name>fire</name>
		<pose>Unspecified</pose>
		<truncated>0</truncated>
		<difficult>0</difficult>
		<bndbox>
			<xmin>166</xmin>
			<ymin>70</ymin>
			<xmax>511</xmax>
			<ymax>306</ymax>
		</bndbox>
	</object>
</annotation>
