<annotation>
	<folder>forest_fire</folder>
	<filename>31b5fa84-773d-4164-88b3-7298047e19d1.jpg</filename>
	<path>F:\DataSets\hlw_fire_data\forest_fire\31b5fa84-773d-4164-88b3-7298047e19d1.jpg</path>
	<source>
		<database>Unknown</database>
	</source>
	<size>
		<width>600</width>
		<height>321</height>
		<depth>3</depth>
	</size>
	<segmented>0</segmented>
	<object>
		<name>fire</name>
		<pose>Unspecified</pose>
		<truncated>0</truncated>
		<difficult>0</difficult>
		<bndbox>
			<xmin>308</xmin>
			<ymin>113</ymin>
			<xmax>465</xmax>
			<ymax>238</ymax>
		</bndbox>
	</object>
</annotation>
