<annotation>
	<folder>building_fire</folder>
	<filename>31d236cb-edb2-4bb8-a699-749cdca2cd39.jpg</filename>
	<path>F:\DataSets\hlw_fire_data\building_fire\31d236cb-edb2-4bb8-a699-749cdca2cd39.jpg</path>
	<source>
		<database>Unknown</database>
	</source>
	<size>
		<width>562</width>
		<height>750</height>
		<depth>3</depth>
	</size>
	<segmented>0</segmented>
	<object>
		<name>fire</name>
		<pose>Unspecified</pose>
		<truncated>0</truncated>
		<difficult>0</difficult>
		<bndbox>
			<xmin>366</xmin>
			<ymin>261</ymin>
			<xmax>410</xmax>
			<ymax>381</ymax>
		</bndbox>
	</object>
	<object>
		<name>fire</name>
		<pose>Unspecified</pose>
		<truncated>0</truncated>
		<difficult>0</difficult>
		<bndbox>
			<xmin>191</xmin>
			<ymin>249</ymin>
			<xmax>238</xmax>
			<ymax>332</ymax>
		</bndbox>
	</object>
</annotation>
