<annotation>
	<folder>Fire images</folder>
	<filename>32313rwev.jpg</filename>
	<path>F:\DataSets\hlw_fire_data\Fire images\32313rwev.jpg</path>
	<source>
		<database>Unknown</database>
	</source>
	<size>
		<width>480</width>
		<height>360</height>
		<depth>3</depth>
	</size>
	<segmented>0</segmented>
	<object>
		<name>fire</name>
		<pose>Unspecified</pose>
		<truncated>0</truncated>
		<difficult>0</difficult>
		<bndbox>
			<xmin>80</xmin>
			<ymin>94</ymin>
			<xmax>212</xmax>
			<ymax>261</ymax>
		</bndbox>
	</object>
</annotation>
