<annotation>
	<folder>forest_fire</folder>
	<filename>32471c51-1e8e-4fb4-bae5-892cb54c37c7.jpg</filename>
	<path>F:\DataSets\hlw_fire_data\forest_fire\32471c51-1e8e-4fb4-bae5-892cb54c37c7.jpg</path>
	<source>
		<database>Unknown</database>
	</source>
	<size>
		<width>640</width>
		<height>360</height>
		<depth>3</depth>
	</size>
	<segmented>0</segmented>
	<object>
		<name>fire</name>
		<pose>Unspecified</pose>
		<truncated>0</truncated>
		<difficult>0</difficult>
		<bndbox>
			<xmin>184</xmin>
			<ymin>142</ymin>
			<xmax>204</xmax>
			<ymax>196</ymax>
		</bndbox>
	</object>
	<object>
		<name>fire</name>
		<pose>Unspecified</pose>
		<truncated>1</truncated>
		<difficult>0</difficult>
		<bndbox>
			<xmin>289</xmin>
			<ymin>162</ymin>
			<xmax>640</xmax>
			<ymax>358</ymax>
		</bndbox>
	</object>
</annotation>
