<annotation>
	<folder>building_fire</folder>
	<filename>32920073-1cae-4488-b5cf-19ff5b548426.jpg</filename>
	<path>F:\DataSets\hlw_fire_data\building_fire\32920073-1cae-4488-b5cf-19ff5b548426.jpg</path>
	<source>
		<database>Unknown</database>
	</source>
	<size>
		<width>277</width>
		<height>372</height>
		<depth>3</depth>
	</size>
	<segmented>0</segmented>
	<object>
		<name>fire</name>
		<pose>Unspecified</pose>
		<truncated>0</truncated>
		<difficult>0</difficult>
		<bndbox>
			<xmin>109</xmin>
			<ymin>82</ymin>
			<xmax>199</xmax>
			<ymax>226</ymax>
		</bndbox>
	</object>
</annotation>
