<annotation>
	<folder>JPEGImages</folder>
	<filename>0395.jpg</filename>
	<path>F:\01.dataset\Fire-Smoke-Dataset\JPEGImages\0395.jpg</path>
	<source>
		<database>Unknown</database>
	</source>
	<size>
		<width>480</width>
		<height>320</height>
		<depth>3</depth>
	</size>
	<segmented>0</segmented>
	<object>
		<name>fire</name>
		<pose>Unspecified</pose>
		<truncated>0</truncated>
		<difficult>0</difficult>
		<bndbox>
			<xmin>78</xmin>
			<ymin>216</ymin>
			<xmax>179</xmax>
			<ymax>272</ymax>
		</bndbox>
	</object>
</annotation>
