<annotation>
	<folder>forest_fire</folder>
	<filename>332f34e9-9718-4cf3-8940-a5a356ca32e2.jpg</filename>
	<path>F:\DataSets\hlw_fire_data\forest_fire\332f34e9-9718-4cf3-8940-a5a356ca32e2.jpg</path>
	<source>
		<database>Unknown</database>
	</source>
	<size>
		<width>800</width>
		<height>600</height>
		<depth>3</depth>
	</size>
	<segmented>0</segmented>
	<object>
		<name>fire</name>
		<pose>Unspecified</pose>
		<truncated>1</truncated>
		<difficult>0</difficult>
		<bndbox>
			<xmin>1</xmin>
			<ymin>297</ymin>
			<xmax>101</xmax>
			<ymax>471</ymax>
		</bndbox>
	</object>
	<object>
		<name>fire</name>
		<pose>Unspecified</pose>
		<truncated>0</truncated>
		<difficult>0</difficult>
		<bndbox>
			<xmin>700</xmin>
			<ymin>400</ymin>
			<xmax>798</xmax>
			<ymax>520</ymax>
		</bndbox>
	</object>
	<object>
		<name>fire</name>
		<pose>Unspecified</pose>
		<truncated>0</truncated>
		<difficult>0</difficult>
		<bndbox>
			<xmin>363</xmin>
			<ymin>438</ymin>
			<xmax>402</xmax>
			<ymax>474</ymax>
		</bndbox>
	</object>
</annotation>
