<annotation>
	<folder>vehicle_fire</folder>
	<filename>336d1031-4a63-4fb8-b6b3-36f0681a7fc9.jpg</filename>
	<path>F:\DataSets\hlw_fire_data\vehicle_fire\336d1031-4a63-4fb8-b6b3-36f0681a7fc9.jpg</path>
	<source>
		<database>Unknown</database>
	</source>
	<size>
		<width>500</width>
		<height>375</height>
		<depth>3</depth>
	</size>
	<segmented>0</segmented>
	<object>
		<name>fire</name>
		<pose>Unspecified</pose>
		<truncated>0</truncated>
		<difficult>0</difficult>
		<bndbox>
			<xmin>228</xmin>
			<ymin>124</ymin>
			<xmax>315</xmax>
			<ymax>203</ymax>
		</bndbox>
	</object>
</annotation>
