<annotation>
	<folder>building_fire</folder>
	<filename>33a171a5-19da-4ffc-a678-e6dd6bd9dcb7.jpg</filename>
	<path>F:\DataSets\hlw_fire_data\building_fire\33a171a5-19da-4ffc-a678-e6dd6bd9dcb7.jpg</path>
	<source>
		<database>Unknown</database>
	</source>
	<size>
		<width>500</width>
		<height>333</height>
		<depth>3</depth>
	</size>
	<segmented>0</segmented>
	<object>
		<name>fire</name>
		<pose>Unspecified</pose>
		<truncated>0</truncated>
		<difficult>0</difficult>
		<bndbox>
			<xmin>95</xmin>
			<ymin>161</ymin>
			<xmax>175</xmax>
			<ymax>229</ymax>
		</bndbox>
	</object>
	<object>
		<name>fire</name>
		<pose>Unspecified</pose>
		<truncated>0</truncated>
		<difficult>0</difficult>
		<bndbox>
			<xmin>215</xmin>
			<ymin>158</ymin>
			<xmax>281</xmax>
			<ymax>203</ymax>
		</bndbox>
	</object>
</annotation>
