<annotation>
	<folder>building_fire</folder>
	<filename>33ce41ea-4e4a-431a-b1b4-4ffcc8e62ccb.jpg</filename>
	<path>F:\DataSets\hlw_fire_data\building_fire\33ce41ea-4e4a-431a-b1b4-4ffcc8e62ccb.jpg</path>
	<source>
		<database>Unknown</database>
	</source>
	<size>
		<width>1080</width>
		<height>1284</height>
		<depth>3</depth>
	</size>
	<segmented>0</segmented>
	<object>
		<name>fire</name>
		<pose>Unspecified</pose>
		<truncated>0</truncated>
		<difficult>0</difficult>
		<bndbox>
			<xmin>39</xmin>
			<ymin>786</ymin>
			<xmax>272</xmax>
			<ymax>916</ymax>
		</bndbox>
	</object>
	<object>
		<name>fire</name>
		<pose>Unspecified</pose>
		<truncated>0</truncated>
		<difficult>0</difficult>
		<bndbox>
			<xmin>776</xmin>
			<ymin>850</ymin>
			<xmax>993</xmax>
			<ymax>967</ymax>
		</bndbox>
	</object>
	<object>
		<name>fire</name>
		<pose>Unspecified</pose>
		<truncated>0</truncated>
		<difficult>0</difficult>
		<bndbox>
			<xmin>809</xmin>
			<ymin>656</ymin>
			<xmax>955</xmax>
			<ymax>754</ymax>
		</bndbox>
	</object>
	<object>
		<name>fire</name>
		<pose>Unspecified</pose>
		<truncated>0</truncated>
		<difficult>0</difficult>
		<bndbox>
			<xmin>365</xmin>
			<ymin>647</ymin>
			<xmax>472</xmax>
			<ymax>751</ymax>
		</bndbox>
	</object>
</annotation>
