<annotation>
	<folder>forest_fire</folder>
	<filename>33ff1f68-1fba-4d1d-8245-fbf977ffc3d8.jpg</filename>
	<path>F:\DataSets\hlw_fire_data\forest_fire\33ff1f68-1fba-4d1d-8245-fbf977ffc3d8.jpg</path>
	<source>
		<database>Unknown</database>
	</source>
	<size>
		<width>640</width>
		<height>426</height>
		<depth>3</depth>
	</size>
	<segmented>0</segmented>
	<object>
		<name>fire</name>
		<pose>Unspecified</pose>
		<truncated>0</truncated>
		<difficult>0</difficult>
		<bndbox>
			<xmin>141</xmin>
			<ymin>299</ymin>
			<xmax>172</xmax>
			<ymax>347</ymax>
		</bndbox>
	</object>
	<object>
		<name>fire</name>
		<pose>Unspecified</pose>
		<truncated>0</truncated>
		<difficult>0</difficult>
		<bndbox>
			<xmin>247</xmin>
			<ymin>100</ymin>
			<xmax>614</xmax>
			<ymax>340</ymax>
		</bndbox>
	</object>
</annotation>
