<annotation>
	<folder>JPEGImages</folder>
	<filename>0403.jpg</filename>
	<path>F:\01.dataset\Fire-Smoke-Dataset\JPEGImages\0403.jpg</path>
	<source>
		<database>Unknown</database>
	</source>
	<size>
		<width>400</width>
		<height>265</height>
		<depth>3</depth>
	</size>
	<segmented>0</segmented>
	<object>
		<name>fire</name>
		<pose>Unspecified</pose>
		<truncated>0</truncated>
		<difficult>0</difficult>
		<bndbox>
			<xmin>96</xmin>
			<ymin>160</ymin>
			<xmax>116</xmax>
			<ymax>186</ymax>
		</bndbox>
	</object>
</annotation>
