<annotation>
	<folder>JPEGImages</folder>
	<filename>0404.jpg</filename>
	<path>F:\01.dataset\Fire-Smoke-Dataset\JPEGImages\0404.jpg</path>
	<source>
		<database>Unknown</database>
	</source>
	<size>
		<width>532</width>
		<height>300</height>
		<depth>3</depth>
	</size>
	<segmented>0</segmented>
	<object>
		<name>fire</name>
		<pose>Unspecified</pose>
		<truncated>0</truncated>
		<difficult>0</difficult>
		<bndbox>
			<xmin>3</xmin>
			<ymin>208</ymin>
			<xmax>370</xmax>
			<ymax>231</ymax>
		</bndbox>
	</object>
	<object>
		<name>fire</name>
		<pose>Unspecified</pose>
		<truncated>1</truncated>
		<difficult>0</difficult>
		<bndbox>
			<xmin>1</xmin>
			<ymin>101</ymin>
			<xmax>321</xmax>
			<ymax>192</ymax>
		</bndbox>
	</object>
</annotation>
