<annotation>
	<folder>forest_fire</folder>
	<filename>34d210f5-eeca-4c92-82f9-ae2da18a3379.jpg</filename>
	<path>F:\DataSets\hlw_fire_data\forest_fire\34d210f5-eeca-4c92-82f9-ae2da18a3379.jpg</path>
	<source>
		<database>Unknown</database>
	</source>
	<size>
		<width>450</width>
		<height>315</height>
		<depth>3</depth>
	</size>
	<segmented>0</segmented>
	<object>
		<name>fire</name>
		<pose>Unspecified</pose>
		<truncated>1</truncated>
		<difficult>0</difficult>
		<bndbox>
			<xmin>1</xmin>
			<ymin>220</ymin>
			<xmax>348</xmax>
			<ymax>281</ymax>
		</bndbox>
	</object>
	<object>
		<name>fire</name>
		<pose>Unspecified</pose>
		<truncated>0</truncated>
		<difficult>0</difficult>
		<bndbox>
			<xmin>102</xmin>
			<ymin>21</ymin>
			<xmax>298</xmax>
			<ymax>220</ymax>
		</bndbox>
	</object>
</annotation>
