<annotation>
	<folder>vehicle_fire</folder>
	<filename>3557280c-02e8-4ab9-a803-24076f6959e1.jpg</filename>
	<path>F:\DataSets\hlw_fire_data\vehicle_fire\3557280c-02e8-4ab9-a803-24076f6959e1.jpg</path>
	<source>
		<database>Unknown</database>
	</source>
	<size>
		<width>640</width>
		<height>425</height>
		<depth>3</depth>
	</size>
	<segmented>0</segmented>
	<object>
		<name>fire</name>
		<pose>Unspecified</pose>
		<truncated>0</truncated>
		<difficult>0</difficult>
		<bndbox>
			<xmin>250</xmin>
			<ymin>224</ymin>
			<xmax>303</xmax>
			<ymax>262</ymax>
		</bndbox>
	</object>
</annotation>
