<annotation>
	<folder>JPEGImages</folder>
	<filename>0410.jpg</filename>
	<path>F:\01.dataset\Fire-Smoke-Dataset\JPEGImages\0410.jpg</path>
	<source>
		<database>Unknown</database>
	</source>
	<size>
		<width>360</width>
		<height>480</height>
		<depth>3</depth>
	</size>
	<segmented>0</segmented>
	<object>
		<name>fire</name>
		<pose>Unspecified</pose>
		<truncated>0</truncated>
		<difficult>0</difficult>
		<bndbox>
			<xmin>115</xmin>
			<ymin>160</ymin>
			<xmax>238</xmax>
			<ymax>206</ymax>
		</bndbox>
	</object>
</annotation>
