<annotation>
	<folder>JPEGImages</folder>
	<filename>0412.jpg</filename>
	<path>F:\01.dataset\Fire-Smoke-Dataset\JPEGImages\0412.jpg</path>
	<source>
		<database>Unknown</database>
	</source>
	<size>
		<width>500</width>
		<height>333</height>
		<depth>3</depth>
	</size>
	<segmented>0</segmented>
	<object>
		<name>fire</name>
		<pose>Unspecified</pose>
		<truncated>0</truncated>
		<difficult>0</difficult>
		<bndbox>
			<xmin>6</xmin>
			<ymin>121</ymin>
			<xmax>185</xmax>
			<ymax>230</ymax>
		</bndbox>
	</object>
	<object>
		<name>fire</name>
		<pose>Unspecified</pose>
		<truncated>0</truncated>
		<difficult>0</difficult>
		<bndbox>
			<xmin>199</xmin>
			<ymin>126</ymin>
			<xmax>255</xmax>
			<ymax>212</ymax>
		</bndbox>
	</object>
</annotation>
