<annotation>
	<folder>forest_fire</folder>
	<filename>370b953d-31db-4c6c-abe3-799a61a724e4.jpg</filename>
	<path>F:\DataSets\hlw_fire_data\forest_fire\370b953d-31db-4c6c-abe3-799a61a724e4.jpg</path>
	<source>
		<database>Unknown</database>
	</source>
	<size>
		<width>450</width>
		<height>295</height>
		<depth>3</depth>
	</size>
	<segmented>0</segmented>
	<object>
		<name>fire</name>
		<pose>Unspecified</pose>
		<truncated>0</truncated>
		<difficult>0</difficult>
		<bndbox>
			<xmin>241</xmin>
			<ymin>54</ymin>
			<xmax>427</xmax>
			<ymax>223</ymax>
		</bndbox>
	</object>
</annotation>
