<annotation>
	<folder>forest_fire</folder>
	<filename>37129adc-5222-4f7e-95b5-564d5e04601e.jpg</filename>
	<path>F:\DataSets\hlw_fire_data\forest_fire\37129adc-5222-4f7e-95b5-564d5e04601e.jpg</path>
	<source>
		<database>Unknown</database>
	</source>
	<size>
		<width>640</width>
		<height>360</height>
		<depth>3</depth>
	</size>
	<segmented>0</segmented>
	<object>
		<name>fire</name>
		<pose>Unspecified</pose>
		<truncated>0</truncated>
		<difficult>0</difficult>
		<bndbox>
			<xmin>168</xmin>
			<ymin>260</ymin>
			<xmax>412</xmax>
			<ymax>338</ymax>
		</bndbox>
	</object>
</annotation>
