<annotation>
	<folder>forest_fire</folder>
	<filename>37e3e2e7-0c63-4ead-a800-4370b82fc135.jpg</filename>
	<path>F:\DataSets\hlw_fire_data\forest_fire\37e3e2e7-0c63-4ead-a800-4370b82fc135.jpg</path>
	<source>
		<database>Unknown</database>
	</source>
	<size>
		<width>600</width>
		<height>392</height>
		<depth>3</depth>
	</size>
	<segmented>0</segmented>
	<object>
		<name>fire</name>
		<pose>Unspecified</pose>
		<truncated>0</truncated>
		<difficult>0</difficult>
		<bndbox>
			<xmin>2</xmin>
			<ymin>142</ymin>
			<xmax>259</xmax>
			<ymax>305</ymax>
		</bndbox>
	</object>
	<object>
		<name>fire</name>
		<pose>Unspecified</pose>
		<truncated>0</truncated>
		<difficult>0</difficult>
		<bndbox>
			<xmin>289</xmin>
			<ymin>48</ymin>
			<xmax>551</xmax>
			<ymax>280</ymax>
		</bndbox>
	</object>
</annotation>
