<annotation>
	<folder>forest_fire</folder>
	<filename>3919fe6a-bf00-466f-96da-d2639398ae9c.jpg</filename>
	<path>F:\DataSets\hlw_fire_data\forest_fire\3919fe6a-bf00-466f-96da-d2639398ae9c.jpg</path>
	<source>
		<database>Unknown</database>
	</source>
	<size>
		<width>521</width>
		<height>379</height>
		<depth>3</depth>
	</size>
	<segmented>0</segmented>
	<object>
		<name>fire</name>
		<pose>Unspecified</pose>
		<truncated>0</truncated>
		<difficult>0</difficult>
		<bndbox>
			<xmin>233</xmin>
			<ymin>87</ymin>
			<xmax>518</xmax>
			<ymax>376</ymax>
		</bndbox>
	</object>
</annotation>
