<annotation>
	<folder>JPEGImages</folder>
	<filename>0423.jpg</filename>
	<path>F:\01.dataset\Fire-Smoke-Dataset\JPEGImages\0423.jpg</path>
	<source>
		<database>Unknown</database>
	</source>
	<size>
		<width>400</width>
		<height>298</height>
		<depth>3</depth>
	</size>
	<segmented>0</segmented>
	<object>
		<name>fire</name>
		<pose>Unspecified</pose>
		<truncated>0</truncated>
		<difficult>0</difficult>
		<bndbox>
			<xmin>129</xmin>
			<ymin>140</ymin>
			<xmax>154</xmax>
			<ymax>173</ymax>
		</bndbox>
	</object>
	<object>
		<name>fire</name>
		<pose>Unspecified</pose>
		<truncated>0</truncated>
		<difficult>0</difficult>
		<bndbox>
			<xmin>216</xmin>
			<ymin>174</ymin>
			<xmax>243</xmax>
			<ymax>193</ymax>
		</bndbox>
	</object>
</annotation>
