<annotation>
	<folder>vehicle_fire</folder>
	<filename>396f209c-9f89-4871-9127-bd64e14b13e5.jpg</filename>
	<path>F:\DataSets\hlw_fire_data\vehicle_fire\396f209c-9f89-4871-9127-bd64e14b13e5.jpg</path>
	<source>
		<database>Unknown</database>
	</source>
	<size>
		<width>120</width>
		<height>80</height>
		<depth>3</depth>
	</size>
	<segmented>0</segmented>
	<object>
		<name>fire</name>
		<pose>Unspecified</pose>
		<truncated>0</truncated>
		<difficult>0</difficult>
		<bndbox>
			<xmin>12</xmin>
			<ymin>29</ymin>
			<xmax>94</xmax>
			<ymax>66</ymax>
		</bndbox>
	</object>
</annotation>
