<annotation>
	<folder>JPEGImages</folder>
	<filename>0425.jpg</filename>
	<path>F:\01.dataset\Fire-Smoke-Dataset\JPEGImages\0425.jpg</path>
	<source>
		<database>Unknown</database>
	</source>
	<size>
		<width>400</width>
		<height>225</height>
		<depth>3</depth>
	</size>
	<segmented>0</segmented>
	<object>
		<name>fire</name>
		<pose>Unspecified</pose>
		<truncated>0</truncated>
		<difficult>0</difficult>
		<bndbox>
			<xmin>197</xmin>
			<ymin>48</ymin>
			<xmax>271</xmax>
			<ymax>129</ymax>
		</bndbox>
	</object>
	<object>
		<name>fire</name>
		<pose>Unspecified</pose>
		<truncated>1</truncated>
		<difficult>0</difficult>
		<bndbox>
			<xmin>138</xmin>
			<ymin>144</ymin>
			<xmax>260</xmax>
			<ymax>225</ymax>
		</bndbox>
	</object>
</annotation>
