<annotation>
	<folder>forest_fire</folder>
	<filename>39e58570-5856-4d73-ad18-0493130eb2d8.jpg</filename>
	<path>F:\DataSets\hlw_fire_data\forest_fire\39e58570-5856-4d73-ad18-0493130eb2d8.jpg</path>
	<source>
		<database>Unknown</database>
	</source>
	<size>
		<width>300</width>
		<height>300</height>
		<depth>3</depth>
	</size>
	<segmented>0</segmented>
	<object>
		<name>fire</name>
		<pose>Unspecified</pose>
		<truncated>1</truncated>
		<difficult>0</difficult>
		<bndbox>
			<xmin>6</xmin>
			<ymin>151</ymin>
			<xmax>298</xmax>
			<ymax>300</ymax>
		</bndbox>
	</object>
</annotation>
