<annotation>
	<folder>forest_fire</folder>
	<filename>3a29e611-845c-4345-b5b0-812f1ed9d775.jpg</filename>
	<path>F:\DataSets\hlw_fire_data\forest_fire\3a29e611-845c-4345-b5b0-812f1ed9d775.jpg</path>
	<source>
		<database>Unknown</database>
	</source>
	<size>
		<width>1440</width>
		<height>1080</height>
		<depth>3</depth>
	</size>
	<segmented>0</segmented>
	<object>
		<name>fire</name>
		<pose>Unspecified</pose>
		<truncated>0</truncated>
		<difficult>0</difficult>
		<bndbox>
			<xmin>3</xmin>
			<ymin>476</ymin>
			<xmax>456</xmax>
			<ymax>914</ymax>
		</bndbox>
	</object>
</annotation>
