<annotation>
	<folder>building_fire</folder>
	<filename>3abbd24b-51f1-483f-8e03-d9a83013bfc5.jpg</filename>
	<path>F:\DataSets\hlw_fire_data\building_fire\3abbd24b-51f1-483f-8e03-d9a83013bfc5.jpg</path>
	<source>
		<database>Unknown</database>
	</source>
	<size>
		<width>450</width>
		<height>297</height>
		<depth>3</depth>
	</size>
	<segmented>0</segmented>
	<object>
		<name>fire</name>
		<pose>Unspecified</pose>
		<truncated>0</truncated>
		<difficult>0</difficult>
		<bndbox>
			<xmin>153</xmin>
			<ymin>184</ymin>
			<xmax>234</xmax>
			<ymax>253</ymax>
		</bndbox>
	</object>
</annotation>
