<annotation>
	<folder>building_fire</folder>
	<filename>3ad63dd8-c2ca-467f-a2cd-384bc06223ac.jpg</filename>
	<path>F:\DataSets\hlw_fire_data\building_fire\3ad63dd8-c2ca-467f-a2cd-384bc06223ac.jpg</path>
	<source>
		<database>Unknown</database>
	</source>
	<size>
		<width>720</width>
		<height>576</height>
		<depth>3</depth>
	</size>
	<segmented>0</segmented>
	<object>
		<name>fire</name>
		<pose>Unspecified</pose>
		<truncated>0</truncated>
		<difficult>0</difficult>
		<bndbox>
			<xmin>285</xmin>
			<ymin>269</ymin>
			<xmax>432</xmax>
			<ymax>376</ymax>
		</bndbox>
	</object>
</annotation>
