<annotation>
	<folder>building_fire</folder>
	<filename>3b095739-80a2-4e0a-aa7a-538b02210a15.jpg</filename>
	<path>F:\DataSets\hlw_fire_data\building_fire\3b095739-80a2-4e0a-aa7a-538b02210a15.jpg</path>
	<source>
		<database>Unknown</database>
	</source>
	<size>
		<width>500</width>
		<height>769</height>
		<depth>3</depth>
	</size>
	<segmented>0</segmented>
	<object>
		<name>fire</name>
		<pose>Unspecified</pose>
		<truncated>0</truncated>
		<difficult>0</difficult>
		<bndbox>
			<xmin>78</xmin>
			<ymin>159</ymin>
			<xmax>251</xmax>
			<ymax>586</ymax>
		</bndbox>
	</object>
</annotation>
