<annotation>
	<folder>forest_fire</folder>
	<filename>3ba8bd2c-fa62-4abb-8ca0-de37832a7119.jpg</filename>
	<path>F:\DataSets\hlw_fire_data\forest_fire\3ba8bd2c-fa62-4abb-8ca0-de37832a7119.jpg</path>
	<source>
		<database>Unknown</database>
	</source>
	<size>
		<width>400</width>
		<height>246</height>
		<depth>3</depth>
	</size>
	<segmented>0</segmented>
	<object>
		<name>fire</name>
		<pose>Unspecified</pose>
		<truncated>0</truncated>
		<difficult>0</difficult>
		<bndbox>
			<xmin>25</xmin>
			<ymin>115</ymin>
			<xmax>116</xmax>
			<ymax>191</ymax>
		</bndbox>
	</object>
	<object>
		<name>fire</name>
		<pose>Unspecified</pose>
		<truncated>1</truncated>
		<difficult>0</difficult>
		<bndbox>
			<xmin>165</xmin>
			<ymin>165</ymin>
			<xmax>400</xmax>
			<ymax>204</ymax>
		</bndbox>
	</object>
</annotation>
