<annotation>
	<folder>vehicle_fire</folder>
	<filename>3bc90a15-2025-428d-803f-5c6c2e019055.jpg</filename>
	<path>F:\DataSets\hlw_fire_data\vehicle_fire\3bc90a15-2025-428d-803f-5c6c2e019055.jpg</path>
	<source>
		<database>Unknown</database>
	</source>
	<size>
		<width>500</width>
		<height>334</height>
		<depth>3</depth>
	</size>
	<segmented>0</segmented>
	<object>
		<name>fire</name>
		<pose>Unspecified</pose>
		<truncated>0</truncated>
		<difficult>0</difficult>
		<bndbox>
			<xmin>95</xmin>
			<ymin>166</ymin>
			<xmax>207</xmax>
			<ymax>248</ymax>
		</bndbox>
	</object>
	<object>
		<name>fire</name>
		<pose>Unspecified</pose>
		<truncated>0</truncated>
		<difficult>0</difficult>
		<bndbox>
			<xmin>343</xmin>
			<ymin>120</ymin>
			<xmax>420</xmax>
			<ymax>214</ymax>
		</bndbox>
	</object>
	<object>
		<name>fire</name>
		<pose>Unspecified</pose>
		<truncated>0</truncated>
		<difficult>0</difficult>
		<bndbox>
			<xmin>284</xmin>
			<ymin>191</ymin>
			<xmax>304</xmax>
			<ymax>206</ymax>
		</bndbox>
	</object>
	<object>
		<name>fire</name>
		<pose>Unspecified</pose>
		<truncated>0</truncated>
		<difficult>0</difficult>
		<bndbox>
			<xmin>272</xmin>
			<ymin>240</ymin>
			<xmax>306</xmax>
			<ymax>254</ymax>
		</bndbox>
	</object>
	<object>
		<name>fire</name>
		<pose>Unspecified</pose>
		<truncated>0</truncated>
		<difficult>0</difficult>
		<bndbox>
			<xmin>333</xmin>
			<ymin>240</ymin>
			<xmax>356</xmax>
			<ymax>254</ymax>
		</bndbox>
	</object>
</annotation>
