<annotation>
	<folder>vehicle_fire</folder>
	<filename>3be39f80-ee7c-4986-b5c3-546a47396c6b.jpg</filename>
	<path>F:\DataSets\hlw_fire_data\vehicle_fire\3be39f80-ee7c-4986-b5c3-546a47396c6b.jpg</path>
	<source>
		<database>Unknown</database>
	</source>
	<size>
		<width>550</width>
		<height>364</height>
		<depth>3</depth>
	</size>
	<segmented>0</segmented>
	<object>
		<name>fire</name>
		<pose>Unspecified</pose>
		<truncated>0</truncated>
		<difficult>0</difficult>
		<bndbox>
			<xmin>82</xmin>
			<ymin>4</ymin>
			<xmax>252</xmax>
			<ymax>76</ymax>
		</bndbox>
	</object>
</annotation>
