<annotation>
	<folder>JPEGImages</folder>
	<filename>0437.jpg</filename>
	<path>F:\01.dataset\Fire-Smoke-Dataset\JPEGImages\0437.jpg</path>
	<source>
		<database>Unknown</database>
	</source>
	<size>
		<width>432</width>
		<height>322</height>
		<depth>3</depth>
	</size>
	<segmented>0</segmented>
	<object>
		<name>fire</name>
		<pose>Unspecified</pose>
		<truncated>0</truncated>
		<difficult>0</difficult>
		<bndbox>
			<xmin>186</xmin>
			<ymin>155</ymin>
			<xmax>260</xmax>
			<ymax>193</ymax>
		</bndbox>
	</object>
	<object>
		<name>fire</name>
		<pose>Unspecified</pose>
		<truncated>0</truncated>
		<difficult>0</difficult>
		<bndbox>
			<xmin>117</xmin>
			<ymin>144</ymin>
			<xmax>138</xmax>
			<ymax>178</ymax>
		</bndbox>
	</object>
</annotation>
