<annotation>
	<folder>JPEGImages</folder>
	<filename>0438.jpg</filename>
	<path>F:\01.dataset\Fire-Smoke-Dataset\JPEGImages\0438.jpg</path>
	<source>
		<database>Unknown</database>
	</source>
	<size>
		<width>800</width>
		<height>600</height>
		<depth>3</depth>
	</size>
	<segmented>0</segmented>
	<object>
		<name>fire</name>
		<pose>Unspecified</pose>
		<truncated>0</truncated>
		<difficult>0</difficult>
		<bndbox>
			<xmin>263</xmin>
			<ymin>297</ymin>
			<xmax>484</xmax>
			<ymax>441</ymax>
		</bndbox>
	</object>
</annotation>
