<annotation>
	<folder>grassland_fire</folder>
	<filename>3c2a384f-ce1c-4077-9d68-8c48f565f0c4.jpg</filename>
	<path>F:\DataSets\hlw_fire_data\grassland_fire\3c2a384f-ce1c-4077-9d68-8c48f565f0c4.jpg</path>
	<source>
		<database>Unknown</database>
	</source>
	<size>
		<width>500</width>
		<height>333</height>
		<depth>3</depth>
	</size>
	<segmented>0</segmented>
	<object>
		<name>fire</name>
		<pose>Unspecified</pose>
		<truncated>0</truncated>
		<difficult>0</difficult>
		<bndbox>
			<xmin>5</xmin>
			<ymin>140</ymin>
			<xmax>256</xmax>
			<ymax>208</ymax>
		</bndbox>
	</object>
</annotation>
