<annotation>
	<folder>JPEGImages</folder>
	<filename>0440.jpg</filename>
	<path>F:\01.dataset\Fire-Smoke-Dataset\JPEGImages\0440.jpg</path>
	<source>
		<database>Unknown</database>
	</source>
	<size>
		<width>620</width>
		<height>407</height>
		<depth>3</depth>
	</size>
	<segmented>0</segmented>
	<object>
		<name>fire</name>
		<pose>Unspecified</pose>
		<truncated>0</truncated>
		<difficult>0</difficult>
		<bndbox>
			<xmin>328</xmin>
			<ymin>204</ymin>
			<xmax>386</xmax>
			<ymax>305</ymax>
		</bndbox>
	</object>
</annotation>
