<annotation>
	<folder>grassland_fire</folder>
	<filename>3cadff59-5ab8-4165-a29a-f840f06233dc.jpg</filename>
	<path>F:\DataSets\hlw_fire_data\grassland_fire\3cadff59-5ab8-4165-a29a-f840f06233dc.jpg</path>
	<source>
		<database>Unknown</database>
	</source>
	<size>
		<width>500</width>
		<height>375</height>
		<depth>3</depth>
	</size>
	<segmented>0</segmented>
	<object>
		<name>fire</name>
		<pose>Unspecified</pose>
		<truncated>0</truncated>
		<difficult>0</difficult>
		<bndbox>
			<xmin>275</xmin>
			<ymin>230</ymin>
			<xmax>371</xmax>
			<ymax>284</ymax>
		</bndbox>
	</object>
</annotation>
