<annotation>
	<folder>building_fire</folder>
	<filename>3d5e9036-e4ab-43eb-8f3b-4a8fad706c35.jpg</filename>
	<path>F:\DataSets\hlw_fire_data\building_fire\3d5e9036-e4ab-43eb-8f3b-4a8fad706c35.jpg</path>
	<source>
		<database>Unknown</database>
	</source>
	<size>
		<width>497</width>
		<height>675</height>
		<depth>3</depth>
	</size>
	<segmented>0</segmented>
	<object>
		<name>fire</name>
		<pose>Unspecified</pose>
		<truncated>0</truncated>
		<difficult>0</difficult>
		<bndbox>
			<xmin>180</xmin>
			<ymin>375</ymin>
			<xmax>272</xmax>
			<ymax>426</ymax>
		</bndbox>
	</object>
</annotation>
