<annotation>
	<folder>JPEGImages</folder>
	<filename>0446.jpg</filename>
	<path>F:\01.dataset\Fire-Smoke-Dataset\JPEGImages\0446.jpg</path>
	<source>
		<database>Unknown</database>
	</source>
	<size>
		<width>900</width>
		<height>617</height>
		<depth>3</depth>
	</size>
	<segmented>0</segmented>
	<object>
		<name>fire</name>
		<pose>Unspecified</pose>
		<truncated>0</truncated>
		<difficult>0</difficult>
		<bndbox>
			<xmin>339</xmin>
			<ymin>5</ymin>
			<xmax>592</xmax>
			<ymax>435</ymax>
		</bndbox>
	</object>
	<object>
		<name>fire</name>
		<pose>Unspecified</pose>
		<truncated>0</truncated>
		<difficult>0</difficult>
		<bndbox>
			<xmin>696</xmin>
			<ymin>207</ymin>
			<xmax>866</xmax>
			<ymax>468</ymax>
		</bndbox>
	</object>
	<object>
		<name>fire</name>
		<pose>Unspecified</pose>
		<truncated>0</truncated>
		<difficult>0</difficult>
		<bndbox>
			<xmin>58</xmin>
			<ymin>321</ymin>
			<xmax>104</xmax>
			<ymax>448</ymax>
		</bndbox>
	</object>
</annotation>
