<annotation>
	<folder>forest_fire</folder>
	<filename>3edad3c2-43ee-4484-8b5b-a149258372c3.jpg</filename>
	<path>F:\DataSets\hlw_fire_data\forest_fire\3edad3c2-43ee-4484-8b5b-a149258372c3.jpg</path>
	<source>
		<database>Unknown</database>
	</source>
	<size>
		<width>840</width>
		<height>479</height>
		<depth>3</depth>
	</size>
	<segmented>0</segmented>
	<object>
		<name>fire</name>
		<pose>Unspecified</pose>
		<truncated>1</truncated>
		<difficult>0</difficult>
		<bndbox>
			<xmin>1</xmin>
			<ymin>240</ymin>
			<xmax>233</xmax>
			<ymax>375</ymax>
		</bndbox>
	</object>
	<object>
		<name>fire</name>
		<pose>Unspecified</pose>
		<truncated>0</truncated>
		<difficult>0</difficult>
		<bndbox>
			<xmin>478</xmin>
			<ymin>109</ymin>
			<xmax>839</xmax>
			<ymax>320</ymax>
		</bndbox>
	</object>
</annotation>
