<annotation>
	<folder>forest_fire</folder>
	<filename>3f24dafd-f3bf-4664-b80e-ecccdd0aef39.jpg</filename>
	<path>F:\DataSets\hlw_fire_data\forest_fire\3f24dafd-f3bf-4664-b80e-ecccdd0aef39.jpg</path>
	<source>
		<database>Unknown</database>
	</source>
	<size>
		<width>1080</width>
		<height>720</height>
		<depth>3</depth>
	</size>
	<segmented>0</segmented>
	<object>
		<name>fire</name>
		<pose>Unspecified</pose>
		<truncated>0</truncated>
		<difficult>0</difficult>
		<bndbox>
			<xmin>280</xmin>
			<ymin>311</ymin>
			<xmax>576</xmax>
			<ymax>655</ymax>
		</bndbox>
	</object>
	<object>
		<name>fire</name>
		<pose>Unspecified</pose>
		<truncated>0</truncated>
		<difficult>0</difficult>
		<bndbox>
			<xmin>597</xmin>
			<ymin>405</ymin>
			<xmax>941</xmax>
			<ymax>666</ymax>
		</bndbox>
	</object>
	<object>
		<name>fire</name>
		<pose>Unspecified</pose>
		<truncated>0</truncated>
		<difficult>0</difficult>
		<bndbox>
			<xmin>668</xmin>
			<ymin>181</ymin>
			<xmax>1046</xmax>
			<ymax>317</ymax>
		</bndbox>
	</object>
</annotation>
