<annotation>
	<folder>forest_fire</folder>
	<filename>3f46d73a-7cee-4d1a-acb9-6845188e4d06.jpg</filename>
	<path>F:\DataSets\hlw_fire_data\forest_fire\3f46d73a-7cee-4d1a-acb9-6845188e4d06.jpg</path>
	<source>
		<database>Unknown</database>
	</source>
	<size>
		<width>500</width>
		<height>270</height>
		<depth>3</depth>
	</size>
	<segmented>0</segmented>
	<object>
		<name>fire</name>
		<pose>Unspecified</pose>
		<truncated>0</truncated>
		<difficult>0</difficult>
		<bndbox>
			<xmin>40</xmin>
			<ymin>197</ymin>
			<xmax>111</xmax>
			<ymax>231</ymax>
		</bndbox>
	</object>
	<object>
		<name>fire</name>
		<pose>Unspecified</pose>
		<truncated>0</truncated>
		<difficult>0</difficult>
		<bndbox>
			<xmin>173</xmin>
			<ymin>194</ymin>
			<xmax>229</xmax>
			<ymax>236</ymax>
		</bndbox>
	</object>
	<object>
		<name>fire</name>
		<pose>Unspecified</pose>
		<truncated>0</truncated>
		<difficult>0</difficult>
		<bndbox>
			<xmin>259</xmin>
			<ymin>76</ymin>
			<xmax>355</xmax>
			<ymax>135</ymax>
		</bndbox>
	</object>
</annotation>
