<annotation>
	<folder>forest_fire</folder>
	<filename>3fad5224-6d36-4826-8f11-3374919697d2.jpg</filename>
	<path>F:\DataSets\hlw_fire_data\forest_fire\3fad5224-6d36-4826-8f11-3374919697d2.jpg</path>
	<source>
		<database>Unknown</database>
	</source>
	<size>
		<width>1080</width>
		<height>600</height>
		<depth>3</depth>
	</size>
	<segmented>0</segmented>
	<object>
		<name>fire</name>
		<pose>Unspecified</pose>
		<truncated>0</truncated>
		<difficult>0</difficult>
		<bndbox>
			<xmin>3</xmin>
			<ymin>352</ymin>
			<xmax>237</xmax>
			<ymax>536</ymax>
		</bndbox>
	</object>
	<object>
		<name>fire</name>
		<pose>Unspecified</pose>
		<truncated>0</truncated>
		<difficult>0</difficult>
		<bndbox>
			<xmin>374</xmin>
			<ymin>135</ymin>
			<xmax>805</xmax>
			<ymax>344</ymax>
		</bndbox>
	</object>
	<object>
		<name>fire</name>
		<pose>Unspecified</pose>
		<truncated>0</truncated>
		<difficult>0</difficult>
		<bndbox>
			<xmin>785</xmin>
			<ymin>396</ymin>
			<xmax>990</xmax>
			<ymax>567</ymax>
		</bndbox>
	</object>
</annotation>
